dataset,outdir,frame,gt_visible,should_pose,candidate_score,pose_confidence,mask_area,bbox_area,depth_valid_ratio,score_margin,semantic,appearance,geometric,visible_ratio,mask_depth_median_abs_error,mask_depth_std,mask_depth_iqr,projected_point_depth_residual,projected_point_depth_valid_ratio,projected_bbox_iou,render_mask_iou_approx,bbox_center_distance,bbox_scale_ratio
SLAM_with_milk_nomilk,improved_recall_recovery,000000,True,True,0.598650336265564,0.5987,4423,6050.0,0.9721908207099254,0.00715947151184082,0.6880166530609131,0.7693578004837036,0.333268940448761,0.9800000190734863,16.5999755859375,13.932337261896585,24.0,66.71055183772762,0.4345,0.5307615177130928,0.5544131392709307,18.51729165424037,0.6556648682765467
SLAM_with_milk_nomilk,improved_recall_recovery,000013,True,True,0.5785643458366394,0.5786,4539,6625.0,0.9735624586913417,0.010189056396484375,0.6296896934509277,0.7259281873703003,0.37180471420288086,0.9599999785423279,1.6700073242187727,14.040118572472586,24.0,38.58724218420548,0.85075,0.6351835040377324,0.5779562448075325,11.725114287635169,0.7569424922224325
SLAM_with_milk_nomilk,improved_recall_recovery,000017,True,True,0.5948178172111511,0.5942,4557,6678.0,0.9710335747202107,0.031248271465301514,0.6548019647598267,0.7454895973205566,0.376897931098938,0.9666666388511658,12.335504760742197,14.032969366164178,23.0,22.88415539166772,0.94275,0.6488350981457814,0.5745337259851353,10.42007617558642,0.7984805144268773
SLAM_with_milk_nomilk,improved_recall_recovery,000022,True,True,0.6019176244735718,0.6013,4768,6858.0,0.9737835570469798,0.00929933786392212,0.6710349917411804,0.7495130300521851,0.38078224658966064,0.9800000190734863,20.98808236694333,14.2317670414062,25.0,11.675268623015086,0.9985,0.6946756830193679,0.6300636574074074,7.792920010835181,0.841832960394888
SLAM_with_milk_nomilk,improved_recall_recovery,000026,True,True,0.5831963419914246,0.5832,4679,6804.0,0.9745672152169267,0.024062812328338623,0.6356052756309509,0.7375958561897278,0.375,0.9933333396911621,26.472249266052245,14.254741149420989,24.0,7.135403537076911,0.9985,0.702555064094728,0.6217321454651672,8.311875611945242,0.8577080986650333
SLAM_with_milk_nomilk,improved_recall_recovery,000031,True,True,0.6031134128570557,0.5555,4534,6678.0,0.9697838553153948,0.04731112718582153,0.6696868538856506,0.7582310438156128,0.376897931098938,0.9800000190734863,28.07197056785583,14.29381291465823,25.0,6.419443515679518,0.9985,0.6982805375460074,0.5991524185298845,9.19217859385614,0.8555937855607731
SLAM_with_milk_nomilk,improved_recall_recovery,000034,True,True,0.587572455406189,0.5876,4553,6678.0,0.97210630353613,0.0064705610275268555,0.6436249613761902,0.7419167757034302,0.36992064118385315,0.9666666388511658,30.286789414028135,14.36948332138875,25.0,6.378633411872272,0.9985,0.6835827517699448,0.594287379772661,10.337688043028562,0.8488616475122186
SLAM_with_milk_nomilk,improved_recall_recovery,000037,True,True,0.5691708922386169,0.5532,4539,6625.0,0.976867151354924,0.015431106090545654,0.6154565215110779,0.7123568058013916,0.37180471420288086,0.9599999785423279,31.20142166404014,14.388485268930626,25.0,7.383918884290097,0.9985,0.6878224341468765,0.5957446808510638,11.050716888604176,0.8553828686192105
SLAM_with_milk_nomilk,improved_recall_recovery,000042,True,True,0.5909117460250854,0.588,4681,6344.0,0.9826960051271096,0.014287471771240234,0.6601482629776001,0.7546492218971252,0.3515549600124359,0.9733333587646484,14.140915536704142,14.16101692431772,25.0,20.083793163995438,0.99875,0.6619741295416393,0.6220404649160568,10.086179593216402,0.7998503040503835
SLAM_with_milk_nomilk,improved_recall_recovery,000047,True,True,0.5984882712364197,0.5662,4557,6572.0,0.9771779679613781,0.03170514106750488,0.5988020896911621,0.7125929594039917,0.48289018869400024,0.9897959232330322,20.1965908263968,14.05223690493237,25.0,7.616822764261997,0.99825,0.7085956169840204,0.6108115984263441,7.91659994729932,0.8448102256375433
SLAM_with_milk_nomilk,improved_recall_recovery,000052,True,True,0.5953992009162903,0.5609,4454,6000.0,0.9800179613830265,0.009854793548583984,0.6869496703147888,0.7592980861663818,0.3382352888584137,0.9933333396911621,24.92278830961891,14.504476128834812,25.0,6.6623260524615375,0.9985,0.6328680661977013,0.5905178701677608,11.39667248390752,0.7712620307931767
SLAM_with_milk_nomilk,improved_recall_recovery,000057,True,True,0.5754287838935852,0.5721,7476,9792.0,0.9752541466024612,0.0033512115478515625,0.6040629744529724,0.6448585391044617,0.47467824816703796,0.9733333587646484,33.79981240125221,13.560831180516388,17.0,7.233900080426849,0.9985,0.7866590300618281,0.7962672931349517,3.093863705117605,1.2571743087082592
SLAM_with_milk_nomilk,improved_recall_recovery,000061,True,True,0.5910391807556152,0.591,4441,6120.0,0.979058770547174,0.02544260025024414,0.6746132969856262,0.7485042214393616,0.3499999940395355,1.0,29.584886605735846,14.434152085385358,25.0,8.135176334181551,0.99925,0.6598280143368621,0.600593471810089,11.692665970046487,0.7912472018586882
SLAM_with_milk_nomilk,improved_recall_recovery,000065,True,True,0.5774470567703247,0.5758,4428,6307.0,0.9749322493224932,0.000832676887512207,0.6384750008583069,0.7265126705169678,0.3585997223854065,0.9599999785423279,29.220184838650198,14.38267341753564,24.0,12.217122837977513,0.99975,0.6579679135095622,0.5561951359907901,12.494887457584383,0.8229330273963574
SLAM_with_milk_nomilk,improved_recall_recovery,000070,True,True,0.5727089643478394,0.5689,4268,5700.0,0.9821930646672915,0.0026804208755493164,0.6276375651359558,0.7438984513282776,0.3419763147830963,0.9800000190734863,30.40311160020076,14.07734020190357,23.0,15.104678585357192,1.0,0.6032813628726562,0.4986492250817574,13.919244042583895,0.7429328727400721
SLAM_with_milk_nomilk,improved_recall_recovery,000074,True,True,0.5762749910354614,0.5651,4104,5650.0,0.9880604288499025,0.011197686195373535,0.6365050077438354,0.742388129234314,0.34373074769973755,0.9733333587646484,30.767018267669528,13.686027149253997,23.0,15.263823062663164,1.0,0.636937300041359,0.4808103866457412,12.556039102848406,0.7236698464478253
SLAM_with_milk_nomilk,improved_recall_recovery,000077,True,True,0.5762680768966675,0.5693,4521,6625.0,0.9818624198186242,0.006125390529632568,0.6119996309280396,0.7296842336654663,0.37923935055732727,0.9599999785423279,32.21357041890701,13.773942803170733,23.0,13.788257587906855,0.99975,0.5871319760293237,0.4849235852953325,15.100969767294236,0.844483172638435
SLAM_with_milk_nomilk,improved_recall_recovery,000082,True,True,0.5958939790725708,0.5756,4274,6254.0,0.9784744969583529,0.01749575138092041,0.6799663305282593,0.7433807849884033,0.3643348217010498,1.0,31.10382931721142,13.952922437700597,24.0,18.3650749718297,0.9995,0.5268345897191895,0.43102977328598746,18.255076273884058,0.8071108802664471
SLAM_with_milk_nomilk,improved_recall_recovery,000087,True,True,0.5891719460487366,0.5892,4337,6000.0,0.9852432557067097,0.007164716720581055,0.6599995493888855,0.742116391658783,0.3592691421508789,0.9733333587646484,14.132497601109321,13.868555775314999,23.0,6.917916960812022,0.99875,0.6503780851315214,0.5739851593190747,12.119463801965521,0.759699353818348
SLAM_with_milk_nomilk,improved_recall_recovery,000091,True,True,0.5925973653793335,0.5646,4438,6200.0,0.9853537629562866,0.026616692543029785,0.6335763931274414,0.7506552934646606,0.3838174343109131,0.95333331823349,21.456127713182013,13.998264294039329,23.0,5.855865110465174,0.99975,0.6118269245068658,0.5427307747182194,13.701816461470735,0.7999231201328211
SLAM_with_milk_nomilk,improved_recall_recovery,000094,True,True,0.5894842743873596,0.5895,4419,6500.0,0.9816700610997964,0.044520676136016846,0.6467641592025757,0.7306365966796875,0.38561561703681946,0.9733333587646484,26.301478741107303,13.638118241884849,21.0,9.237723448549673,0.99975,0.60779208572487,0.5311120603730599,13.968380789370116,0.856136216413754
SLAM_with_milk_nomilk,improved_recall_recovery,000098,True,True,0.5832905769348145,0.5833,4324,6477.0,0.9900555041628122,0.014657139778137207,0.6158809065818787,0.7374164462089539,0.38743454217910767,0.95333331823349,29.430952636797883,13.500596533057822,21.0,12.75310820968457,0.99925,0.6223882323056459,0.499075522685251,13.328735455770577,0.8448890602888827
SLAM_with_milk_nomilk,improved_recall_recovery,000101,True,True,0.5995795726776123,0.5796,4362,6375.0,0.9830353049060064,0.019956529140472412,0.6533439755439758,0.7584288120269775,0.3869660198688507,1.0,30.470127758840476,13.566307238610992,22.0,15.35532088919399,1.0,0.6213765112852262,0.49512367491166076,13.252796006850685,0.8438332800863102
SLAM_with_milk_nomilk,improved_recall_recovery,000103,True,True,0.5934202075004578,0.5465,4302,6174.0,0.9723384472338448,0.04690772294998169,0.647943377494812,0.7472150921821594,0.37791866064071655,0.9666666388511658,31.84559158816819,13.368438493569236,22.0,15.868419108135413,1.0,0.63993802529854,0.5125307837172244,12.41632293579269,0.8200263767509065
SLAM_with_milk_nomilk,improved_recall_recovery,000107,True,True,0.6069566607475281,0.5799,4093,5978.0,0.9912044954800879,0.027024567127227783,0.6792470812797546,0.7626628279685974,0.3758789598941803,0.9866666793823242,34.789643077231176,13.891779532752548,22.0,16.603621013311397,1.0,0.635586485053408,0.5146094215861657,13.151939446390429,0.7943686469824547
SLAM_with_milk_nomilk,improved_recall_recovery,000110,True,True,0.5771878361701965,0.5772,6977,8911.0,0.9760642109789308,0.008433043956756592,0.5938794016838074,0.6563685536384583,0.4766225218772888,0.95333331823349,39.93327227266127,12.198261533736533,15.0,17.08127208536041,0.99925,0.7951429753324407,0.7887554585152838,5.786679229777318,1.1649205800426066
SLAM_with_milk_nomilk,improved_recall_recovery,000114,True,True,0.5942648649215698,0.5702,4296,6192.0,0.9804469273743017,0.024104654788970947,0.6463528871536255,0.7406037449836731,0.38899552822113037,0.9666666388511658,34.13162697722987,13.903232850817338,23.0,17.90151216799711,0.9995,0.617244491139479,0.5065255220417634,13.445394763005764,0.8126691839627812
SLAM_with_milk_nomilk,improved_recall_recovery,000118,True,True,0.5952286124229431,0.5938,4234,6273.0,0.9839395370807746,0.0061615705490112305,0.6587743163108826,0.7322278618812561,0.3891891837120056,0.9733333587646484,16.255561807660342,13.486365176311727,22.0,10.018929348803113,0.9985,0.6524805414884708,0.5628856890978549,10.045941422831588,0.7861511743868004
SLAM_with_milk_nomilk,improved_recall_recovery,000122,True,True,0.6028597354888916,0.5537,4244,5856.0,0.9842130065975495,0.03505873680114746,0.6653061509132385,0.7648235559463501,0.378449410200119,1.0,0.306123719901052,13.132846403519283,22.0,24.774059327522707,0.9985,0.6119114489145442,0.5438571428571428,10.775283094055368,0.7365164266230956
SLAM_with_milk_nomilk,improved_recall_recovery,000127,True,True,0.5898381471633911,0.5795,3937,5428.0,0.9903479806959614,0.04132223129272461,0.6699935793876648,0.7416909337043762,0.3498297333717346,0.9666666388511658,7.401019582064237,12.823730782059759,22.0,38.41806983231015,0.9075,0.5408796316877653,0.5019032849288031,14.718640291676657,0.6620473446944495
SLAM_with_milk_nomilk,improved_recall_recovery,000131,True,True,0.5888078212738037,0.5874,4434,5782.0,0.9806044203879116,0.03669458627700806,0.662627637386322,0.7056869268417358,0.3968290090560913,0.9933333396911621,11.495654183419902,12.31116705638637,20.0,46.58741606901276,0.998,0.6106639048340546,0.5802241452688325,11.350571948666074,0.7131050761486515
SLAM_with_milk_nomilk,improved_recall_recovery,000136,True,True,0.6224474310874939,0.6224,4040,5658.0,0.9861386138613861,0.027233898639678955,0.6167232394218445,0.7088050246238708,0.5418139100074768,1.0,15.612183764144788,12.248462033263092,20.0,49.696617310884676,0.9115,0.6095980366236976,0.5449470369310049,9.737200654104775,0.7112224553752259
SLAM_with_milk_nomilk,improved_recall_recovery,000140,True,True,0.6048904061317444,0.5718,3858,5593.0,0.9712286158631416,0.03993934392929077,0.6615673899650574,0.7599241733551025,0.39175862073898315,0.9933333396911621,16.362927991615948,12.679901118603482,21.0,55.706057492983575,0.89,0.6030224325665561,0.5197892938496583,10.046619249607645,0.6818459371218386
SLAM_with_milk_nomilk,improved_recall_recovery,000143,True,True,0.5947277545928955,0.5947,4646,7392.0,0.9636246233318984,0.004910707473754883,0.5969830751419067,0.7138736248016357,0.46465516090393066,0.9333333373069763,0.4408989220894455,12.595107014599456,20.0,29.205545775473638,0.99825,0.7610699352308258,0.6201346210125841,5.592170189593427,0.9535309160273263
SLAM_with_milk_nomilk,improved_recall_recovery,000147,True,True,0.5854960083961487,0.5846,4789,7482.0,0.9753602004593861,0.011637389659881592,0.6002539396286011,0.7116848826408386,0.4416728615760803,0.9800000190734863,12.733419973102741,12.76193659735306,21.0,13.86118659734575,0.99875,0.7908543250182344,0.6349537727408291,7.215351178840309,0.9805723430723117
SLAM_with_milk_nomilk,improved_recall_recovery,000152,True,True,0.5791219472885132,0.5791,5063,6912.0,0.972348410033577,0.02337104082107544,0.6173290610313416,0.6510786414146423,0.46594005823135376,0.9733333587646484,23.591731527438697,12.551747770033428,19.0,5.383253716036961,0.99975,0.7045241419425395,0.6082459207459208,10.100482143995151,0.9279718473011361
SLAM_with_milk_nomilk,improved_recall_recovery,000156,True,True,0.5991140007972717,0.5851,4084,6656.0,0.9419686581782566,0.009744465351104736,0.6225948333740234,0.7102083563804626,0.45893150568008423,0.9599999785423279,5.474634037757028,12.721252269447461,22.0,19.734083335112018,0.998,0.7170195713221011,0.5523823838869683,8.339167031751337,0.8795024857474901
SLAM_with_milk_nomilk,improved_recall_recovery,000160,True,True,0.5917693376541138,0.5539,3661,5220.0,0.978148046981699,0.0342831015586853,0.6413877606391907,0.7272723913192749,0.4054054021835327,0.9933333396911621,14.878516397002954,12.778994718334623,21.0,7.7565174482876955,0.999,0.5948176087773056,0.48329554043839756,14.272226633433714,0.7138288824418412
SLAM_with_milk_nomilk,improved_recall_recovery,000164,True,True,0.6115553975105286,0.6116,3669,5382.0,0.975742709185064,0.0134316086769104,0.6673884987831116,0.7510977983474731,0.4094427227973938,0.9666666388511658,3.1060271131300397,12.492637262333139,21.0,24.05091842289687,0.9985,0.5718779753587258,0.4963185574755823,13.321377840802198,0.6863261963097314
SLAM_with_milk_nomilk,improved_recall_recovery,000168,True,True,0.6135814189910889,0.595,3908,5888.0,0.9762026612077789,0.05651277303695679,0.6602322459220886,0.7381699681282043,0.4376506507396698,0.9733333587646484,8.151086648926366,12.408170746627567,22.0,37.47461364405524,0.8285,0.6362540199670561,0.5249154784653829,7.928950873897025,0.7682029814151251
SLAM_with_milk_nomilk,improved_recall_recovery,000173,True,True,0.5350313186645508,0.535,6675,8580.0,0.979625468164794,0.07482853531837463,0.5499258041381836,0.6176508069038391,0.4312930703163147,0.9399999976158142,7.19679795065872,11.197751134873728,18.0,15.460030399632842,0.999,0.8343523441875434,0.8531073446327684,7.158254520916012,1.1683872206305275
SLAM_with_milk_nomilk,improved_recall_recovery,000178,True,True,0.6270753741264343,0.6262,3776,5535.0,0.9557733050847458,0.0643007755279541,0.5907501578330994,0.7048243880271912,0.5856515169143677,1.0,3.442085604532849,11.63408100515364,19.0,30.112170166918702,0.998,0.6210490637085613,0.513760095722405,10.003673277852974,0.7435015206254083
SLAM_with_milk_nomilk,improved_recall_recovery,000183,True,True,0.5902161598205566,0.5488,3770,5588.0,0.9822281167108753,0.04138368368148804,0.6222056746482849,0.7148446440696716,0.4270724058151245,0.9599999785423279,9.097635812131784,11.581176516898106,18.5,10.744663466795942,0.99925,0.6282268354397486,0.5134099616858238,11.760247784583571,0.7826218329360027
SLAM_with_milk_nomilk,improved_recall_recovery,000188,True,True,0.6053416728973389,0.6053,3489,4998.0,0.9664660361134996,0.007049500942230225,0.6687275767326355,0.7394233345985413,0.4024640619754791,0.9733333587646484,0.42152817719249924,12.383860612615889,20.0,28.630661043108717,0.9985,0.5634658965701546,0.48921853494418105,11.214383821495902,0.663092505912303
SLAM_with_milk_nomilk,improved_recall_recovery,000193,True,True,0.5940201878547668,0.594,3351,5104.0,0.976424947776783,0.005843639373779297,0.6513773202896118,0.7244499325752258,0.4010884463787079,0.9733333587646484,6.66400186009696,12.265896726862785,19.0,36.692164995806706,0.93275,0.5461759788525655,0.45960047704233753,11.944507977773371,0.6426373514881483
SLAM_with_milk_nomilk,improved_recall_recovery,000197,True,True,0.592313289642334,0.5551,3722,5207.0,0.9637291778613648,0.0077713727951049805,0.6304982304573059,0.7132247686386108,0.4254288971424103,0.95333331823349,9.058407335858874,13.079589491792238,20.0,14.413110720231998,0.99875,0.5913278305979056,0.5325814536340853,8.32374840382927,0.7022689464337907
SLAM_with_milk_nomilk,improved_recall_recovery,000201,True,True,0.6001846194267273,0.5899,3556,5828.0,0.9580989876265467,0.01860898733139038,0.6194211840629578,0.7186373472213745,0.45473822951316833,0.9466666579246521,0.10297331323010894,13.313820421739537,20.0,27.070372183335678,0.9305,0.645768636010844,0.4872260015117158,9.990483811687213,0.7941824637311281
SLAM_with_milk_nomilk,improved_recall_recovery,000206,True,True,0.5797245502471924,0.5787,3416,4674.0,0.961943793911007,0.0009819269180297852,0.6135067939758301,0.7066321969032288,0.40877798199653625,0.9399999976158142,14.98194119852144,11.161087312596214,17.0,9.043825366395424,0.999,0.5704922926471846,0.4819089207735496,8.84476937212297,0.6497983735904954
SLAM_with_milk_nomilk,improved_recall_recovery,000208,True,True,0.604678750038147,0.602,3748,5418.0,0.9663820704375667,0.0065621137619018555,0.6470940113067627,0.7221166491508484,0.43931344151496887,0.9666666388511658,3.273253234117078,12.608851995436643,16.0,24.766288971887093,0.87075,0.6172048558880421,0.5034175334323923,8.746516088422101,0.7542542501286009
SLAM_with_milk_nomilk,improved_recall_recovery,000212,True,True,0.5857394933700562,0.5798,3957,6604.0,0.9701794288602477,0.005945026874542236,0.5831834077835083,0.7036226391792297,0.4656071662902832,0.9599999785423279,17.70761032971518,11.165686236574361,17.0,7.739710386811453,0.99875,0.7692059937412613,0.5225484261501211,8.102466753579666,0.9584113769494764
SLAM_with_milk_nomilk,improved_recall_recovery,000216,True,True,0.5968256592750549,0.5402,3740,5330.0,0.9836898395721925,0.056620657444000244,0.6394568681716919,0.7302563786506653,0.41469258069992065,0.9666666388511658,25.86993816939298,11.2825977354653,19.0,9.252157623214316,1.0,0.49484276669784927,0.39044504478885256,16.62650383654952,0.7845642847117733
SLAM_with_milk_nomilk,improved_recall_recovery,000221,True,True,0.5638628005981445,0.5564,3803,5502.0,0.963712858269787,0.02306830883026123,0.571341335773468,0.6827005743980408,0.42656248807907104,0.9200000166893005,15.085464082566432,10.888986633723801,16.0,10.328028465383,0.99925,0.5893506785352826,0.4609878310665712,13.753923917680995,0.731034030294803
SLAM_with_milk_nomilk,improved_recall_recovery,000226,True,True,0.5965918898582458,0.5785,3958,5586.0,0.8082364830722587,0.04037386178970337,0.6308063864707947,0.7205572128295898,0.4318211078643799,0.9599999785423279,3.910547381207266,10.703782916041877,18.0,17.62598525372448,0.81575,0.5583337908992069,0.4831851028349083,13.74993802879717,0.7075640391070873
SLAM_with_milk_nomilk,improved_recall_recovery,000231,True,True,0.5771713256835938,0.5758,3936,5590.0,0.9471544715447154,0.06859380006790161,0.6102764010429382,0.7212046980857849,0.3939247727394104,0.9666666388511658,4.556864342706604,10.829762813406045,14.0,24.833749163671087,0.99875,0.533532506024903,0.46798556342734926,13.9312449214253,0.6634680689275038
SLAM_with_milk_nomilk,improved_recall_recovery,000235,True,True,0.5844399929046631,0.5589,4125,5576.0,0.9566060606060606,0.005211830139160156,0.6295912265777588,0.7216588854789734,0.39578118920326233,0.9666666388511658,2.1830424497015883,9.587998818687753,14.0,20.68672285093902,0.8625,0.4960150790483736,0.45834401435529354,12.801597966196459,0.6213268529146767
SLAM_with_milk_nomilk,improved_recall_recovery,000239,True,True,0.5792057514190674,0.5338,4147,5762.0,0.9467084639498433,0.00601726770401001,0.6226910948753357,0.717224657535553,0.3914428651332855,0.9666666388511658,15.991013862772093,8.976899795959838,12.0,6.9489014477561,0.9995,0.5440645011471956,0.4594665271966527,16.03400108968395,0.6851405264934545
SLAM_with_milk_nomilk,improved_recall_recovery,000243,True,True,0.5933139324188232,0.5913,3962,5207.0,0.9702170620898536,0.026652812957763672,0.6609939336776733,0.747642457485199,0.3571346700191498,0.9399999976158142,3.229150465880025,8.729760244092445,14.0,13.69032500077003,0.99925,0.49748918014281207,0.4680661577608142,11.088603896305303,0.5712867927745231
SLAM_with_milk_nomilk,improved_recall_recovery,000248,True,True,0.595818042755127,0.5826,5107,7632.0,0.9780693166242412,0.013228178024291992,0.6089922785758972,0.7028273940086365,0.47234174609184265,0.9733333587646484,1.061043652256103,8.55452781586211,12.0,18.55869836676294,0.9995,0.6527307216438133,0.5600094876660342,2.6555685452344573,0.8085179482018009
SLAM_with_milk_nomilk,improved_recall_recovery,000252,True,True,0.5294868350028992,0.5254,4663,6075.0,0.9729787690328114,0.007853388786315918,0.5470349788665771,0.6731984615325928,0.3579339385032654,0.9399999976158142,4.75968264642745,6.691183556448115,9.0,26.25044484358466,0.99975,0.5446577901780298,0.49817393289203377,11.896368328729682,0.6150706121952869
SLAM_with_milk_nomilk,improved_recall_recovery,000261,True,True,0.5279731154441833,0.5269,10143,12246.0,0.9786059351276742,0.00041306018829345703,0.514965295791626,0.6159685254096985,0.4464649260044098,0.9200000166893005,41.20001220703125,14.109814912687659,18.0,12.723880385948632,0.99975,0.749887825250872,0.8027828775727124,5.698348664376496,1.2818796322173514
SLAM_with_milk_nomilk,improved_recall_recovery,000266,True,True,0.5566970109939575,0.536,5497,6580.0,0.9870838639257777,0.02020883560180664,0.616553783416748,0.7303475737571716,0.315137654542923,0.9666666388511658,48.414999389648415,4.786498536564334,5.0,17.985504357216655,1.0,0.5429996142245852,0.494233414453497,18.026647376199218,0.6845810759532291
SLAM_with_milk_nomilk,improved_recall_recovery,000270,True,True,0.5511871576309204,0.5374,5743,7100.0,0.9965174995646875,0.012714147567749023,0.6006677746772766,0.7190636992454529,0.3247734010219574,0.9599999785423279,50.76974960327152,4.985025200117994,8.0,20.480658127100753,1.0,0.4909715192884136,0.4174871996849153,21.15128549363941,0.72772008963787
SLAM_with_milk_nomilk,improved_recall_recovery,000274,True,True,0.5597406625747681,0.5545,6344,7450.0,0.9959016393442623,0.0030353665351867676,0.6134761571884155,0.7223986387252808,0.33275464177131653,0.95333331823349,53.04034578704841,4.36877249832641,7.0,22.03335426008232,0.99925,0.45069995214209646,0.3837852543756235,22.9401544906219,0.7462980025542769
SLAM_with_milk_nomilk,improved_recall_recovery,000278,True,True,0.5261234641075134,0.5233,11147,13038.0,0.9869920157890015,0.030990242958068848,0.5415183305740356,0.6150417923927307,0.4135552942752838,0.9266666769981384,50.65622048912053,14.330883457623202,17.0,21.316709388927507,0.945,0.6573571113980936,0.6388351080993869,12.688533305072689,1.2706014619140513
SLAM_with_milk_nomilk,improved_recall_recovery,000283,True,True,0.5335742831230164,0.5331,11553,13363.0,0.9690123777373842,0.0814429521560669,0.5484351515769958,0.62164306640625,0.42407462000846863,0.9399999976158142,51.17654331792835,15.038719347553357,19.0,19.52875463285102,0.95825,0.6706926268602096,0.648427028305606,11.064219410987176,1.2682578077910092
SLAM_with_milk_nomilk,improved_recall_recovery,000287,True,True,0.5585243105888367,0.5237,6723,7644.0,0.9265208984084486,0.03198462724685669,0.6203634142875671,0.7315899729728699,0.3086256980895996,0.9399999976158142,54.45975742911435,3.5107352321259717,5.0,21.186481977945903,0.999,0.4325273464864878,0.389664566660991,25.55103549544454,0.709020864639638
SLAM_with_milk_nomilk,improved_recall_recovery,000291,True,True,0.5510905981063843,0.5476,7949,8614.0,0.9377280161026544,0.012033939361572266,0.6054134368896484,0.6972422003746033,0.3422630727291107,0.9599999785423279,51.00883378400249,5.33065288739569,6.0,18.735490313535422,1.0,0.5568823333404619,0.5352356247297881,19.138556329899046,0.7884802436805832
SLAM_with_milk_nomilk,improved_recall_recovery,000296,True,True,0.5222054719924927,0.5191,11696,13280.0,0.9491279069767442,0.03896653652191162,0.5385026335716248,0.6168452501296997,0.40418753027915955,0.9399999976158142,45.55574195960162,16.11850927555875,20.0,16.32919423128118,0.9995,0.8229977075680187,0.80376254180602,6.105863873173036,1.2050421213440288
SLAM_with_milk_nomilk,improved_recall_recovery,000300,True,True,0.5535188913345337,0.5535,6905,7938.0,0.8418537291817524,0.03594869375228882,0.6132650971412659,0.7293378114700317,0.30642250180244446,0.95333331823349,20.486232273741052,3.529275937891074,4.0,9.951921094687577,0.99825,0.5539689281243856,0.5481347773766546,12.613980022111829,0.6343098373181749
SLAM_with_milk_nomilk,improved_recall_recovery,000304,True,True,0.5156968235969543,0.5157,11389,12948.0,0.8207919922732461,0.06657734513282776,0.5394722819328308,0.6360996961593628,0.36446085572242737,0.95333331823349,27.15104243300982,16.24364503585199,22.0,5.713087583902279,0.99875,0.8565375791768295,0.8629236216489631,7.236984338192196,1.07430109040407
SLAM_with_milk_nomilk,improved_recall_recovery,001245,False,False,0.5192379951477051,0.5192,8502,9724.0,0.9671841919548342,0.049262166023254395,0.5300240516662598,0.569060206413269,0.4476534426212311,0.846666693687439,41.0,13.578652793672223,15.0,11.503751315845818,0.999,0.7422179743419556,0.8035838150289017,4.966441977069998,1.2107085926487728
SLAM_with_milk_nomilk,improved_recall_recovery,001251,True,True,0.5351367592811584,0.5323,3342,4095.0,0.9985038898862957,0.0028774142265319824,0.5353090167045593,0.6257951855659485,0.44168591499328613,0.9719626307487488,25.040008544921875,2.9204299504708615,3.0,728.7924363841364,0.927,0.3896801445529228,0.3561270801815431,18.676134792216455,0.39708033765535233
SLAM_with_milk_nomilk,improved_recall_recovery,001255,True,True,0.5089204907417297,0.5067,4716,5734.0,0.9919423240033927,0.019371628761291504,0.43507614731788635,0.5955813527107239,0.4951182007789612,0.9285714030265808,22.176005554199264,4.81955551262393,5.0,29.01387532843978,0.998,0.3967141019294776,0.4466898954703833,13.395019536969468,0.5227284041089352
SLAM_with_milk_nomilk,improved_recall_recovery,001260,True,True,0.5852782726287842,0.5853,4710,5808.0,0.9887473460721868,0.031758666038513184,0.5610988140106201,0.6700934767723083,0.5240174531936646,0.9897959232330322,21.244399337768527,5.533969946880035,6.0,24.786052469200854,0.99875,0.4413253821969221,0.46476271668087527,20.446140658790142,0.5818354908863858
SLAM_with_milk_nomilk,improved_recall_recovery,001265,True,True,0.5779279470443726,0.5779,6338,7869.0,0.9780687914168508,0.004315197467803955,0.6047769784927368,0.6613510251045227,0.45977917313575745,0.9333333373069763,20.868851024627702,9.104825727098673,11.0,13.819985535952242,0.90025,0.45558771828912653,0.3949194401975773,24.977914761109087,0.8778500617231986
SLAM_with_milk_nomilk,improved_recall_recovery,001270,True,True,0.5855110883712769,0.5855,4748,5856.0,0.9736731255265375,0.003025650978088379,0.6131458878517151,0.6780134439468384,0.4603683054447174,0.9599999785423279,23.944748893547057,5.845725204788492,11.0,7.903181086802874,0.5415,0.47575911588227554,0.43346007604562736,21.516715093695947,0.7246257588639462
SLAM_with_milk_nomilk,improved_recall_recovery,001276,True,True,0.6284040808677673,0.6003,4286,5734.0,0.9804013065795614,0.021586120128631592,0.6015905737876892,0.7339963912963867,0.5496251583099365,1.0,24.789086780805633,5.767986486814732,7.0,7.023275141335262,0.2975,0.44324997318214404,0.411998820754717,22.219802271359054,0.7817992175904468
SLAM_with_milk_nomilk,improved_recall_recovery,001281,True,True,0.6248739361763,0.6151,4476,6272.0,0.9859249329758714,0.03540849685668945,0.6658026576042175,0.7269854545593262,0.4789144694805145,0.9800000190734863,28.917902135062718,6.630477845898498,10.0,9.436376695783565,0.308,0.4458162501334255,0.4326356132075472,21.960152678619114,0.9422804806161091
SLAM_with_milk_nomilk,improved_recall_recovery,001286,True,True,0.6087332963943481,0.5976,3727,4590.0,0.982023074859136,0.011104285717010498,0.6401727199554443,0.7410220503807068,0.43935927748680115,0.9666666388511658,30.581627842868897,6.480294548059042,12.0,9.170486977125904,0.325,0.4591635357108513,0.44770011458503844,19.160190350439475,0.73447596970895
SLAM_with_milk_nomilk,improved_recall_recovery,001291,True,True,0.5935562252998352,0.5936,4652,6642.0,0.9812983662940671,0.03315097093582153,0.637243926525116,0.6737297773361206,0.46630164980888367,0.9733333587646484,28.223062370325692,7.460839830994751,10.0,11.513109780480022,0.28,0.39881672605346796,0.3536602501053815,23.377125511585497,1.0882993368541551
SLAM_with_milk_nomilk,improved_recall_recovery,001296,True,True,0.5610283613204956,0.5605,4394,5950.0,0.9763313609467456,0.034350037574768066,0.5597044825553894,0.672085702419281,0.44345685839653015,0.9333333373069763,31.69499054071173,7.765867271315386,10.0,10.942214384314184,0.213,0.4002019462297515,0.3331901489117984,23.240930532254744,0.9720654214243735
SLAM_with_milk_nomilk,improved_recall_recovery,001301,True,True,0.5896462202072144,0.5896,5205,6519.0,0.9940441882804996,0.0008289217948913574,0.624284565448761,0.670340359210968,0.4711538553237915,0.9733333587646484,34.30174385146256,8.513679407143076,13.0,680.2599350535113,0.231,0.30352499673828115,0.22245120620681294,29.05278150435684,1.0762302791205614
SLAM_with_milk_nomilk,improved_recall_recovery,001306,True,True,0.6032455563545227,0.6032,4852,6448.0,0.9870156636438582,0.0450749397277832,0.6382514238357544,0.697589635848999,0.46850597858428955,0.9599999785423279,36.086142048372494,8.721162952266997,15.0,687.4875629046746,0.352,0.2904400577815981,0.209848768903887,29.520743418134586,1.0629894375409978
SLAM_with_milk_nomilk,improved_recall_recovery,001311,True,True,0.5744028091430664,0.5744,4920,6642.0,0.9892276422764228,0.011291027069091797,0.5766581892967224,0.6620342135429382,0.4794520437717438,0.9466666579246521,38.15599233144212,9.011081616884763,14.0,691.8256526907537,0.286,0.2733843461119673,0.20356964553170245,31.215430411436937,1.1106177454785144
SLAM_with_milk_nomilk,improved_recall_recovery,001317,True,True,0.5965104103088379,0.5965,4856,6944.0,0.9911449752883031,0.01515430212020874,0.6231741905212402,0.6861559152603149,0.4761904776096344,0.9666666388511658,38.696399287898316,9.695612702827619,16.0,721.9957119369794,0.3285,0.2861082611214278,0.20215934475055844,30.79739471446723,1.1658256033411238
SLAM_with_milk_nomilk,improved_recall_recovery,001323,True,True,0.5981062054634094,0.5949,4299,5880.0,0.9783670621074668,0.012975156307220459,0.6226817965507507,0.731814980506897,0.4309045374393463,0.9466666579246521,41.192668082055775,9.810460649934889,17.0,691.0020105654442,0.181,0.30593016996500194,0.23954940282301845,28.3454055446263,0.9790219835733335
SLAM_with_milk_nomilk,improved_recall_recovery,001329,True,True,0.5985149145126343,0.5985,4350,6150.0,0.9917241379310345,0.00155562162399292,0.6271960735321045,0.72271329164505,0.4414469599723816,0.9733333587646484,47.48522570841442,9.997606431778847,17.0,3.461462951835415,0.238,0.40121257796467324,0.33420063602197164,22.943283204195104,1.0183304817031331
SLAM_with_milk_nomilk,improved_recall_recovery,001334,True,True,0.5944975018501282,0.572,4113,5650.0,0.9924629224410406,0.02248924970626831,0.65873783826828,0.7249957323074341,0.3916448950767517,0.9599999785423279,52.98040525539125,9.77014208365435,16.0,4.465918325047653,0.409,0.3899570317512567,0.36207668208264954,24.938160356521685,0.9074790288944662
SLAM_with_milk_nomilk,improved_recall_recovery,001339,True,True,0.5759989023208618,0.576,5035,7581.0,0.9952333664349553,0.007027983665466309,0.5871030688285828,0.7007871270179749,0.4354206323623657,0.9666666388511658,59.892259143543356,11.90109456534794,19.0,601.8886408018257,0.0635,0.3226887184248566,0.2485598725333987,29.183059904849923,1.1528651487401034
SLAM_with_milk_nomilk,improved_recall_recovery,001344,True,True,0.5936848521232605,0.5919,5332,8040.0,0.9894973743435859,0.025903522968292236,0.6292943358421326,0.7247275710105896,0.421286016702652,0.9666666388511658,63.57996844330319,12.112229375124736,21.0,672.1829058039873,0.205,0.29746833507987575,0.21201493381604253,32.966808397284375,1.1551893314622899
SLAM_with_milk_nomilk,improved_recall_recovery,001346,True,True,0.5881794691085815,0.5882,6936,9384.0,0.9808246828143022,0.0019235014915466309,0.630381166934967,0.6640279293060303,0.46435070037841797,0.95333331823349,59.066988033068924,11.789406385275402,17.0,7.365073480427668,0.29225,0.3866518212960482,0.31642789919481334,27.394143655677606,1.2916144180654483
SLAM_with_milk_nomilk,improved_recall_recovery,001350,True,True,0.6077212691307068,0.5951,4901,7250.0,0.9783717608651296,0.012576401233673096,0.6676155924797058,0.7527857422828674,0.39422258734703064,0.9599999785423279,50.21854222149477,11.947007599958974,20.0,8.381776819794538,0.8055,0.535819345122206,0.5399561723886048,19.861253289042182,0.9877071818723777
SLAM_with_milk_nomilk,improved_recall_recovery,001355,True,True,0.5957399606704712,0.5854,4523,6042.0,0.9865133760778244,0.01029878854751587,0.6660733222961426,0.7542764544487,0.3621990978717804,0.9800000190734863,43.25204389904968,12.366524065317087,20.0,7.553891985366704,0.998,0.6112220005780178,0.6087024819352812,16.780418112645712,0.8068645516200842
SLAM_with_milk_nomilk,improved_recall_recovery,001359,True,True,0.5631871819496155,0.5632,6736,8844.0,0.9841152019002375,0.0016276240348815918,0.5601406097412109,0.6595315337181091,0.46322521567344666,0.9333333373069763,36.72381998946037,11.604311070907324,17.0,8.567105533251947,0.99875,0.7407424115980952,0.7613301529395258,8.338682770707797,1.188580678176241
SLAM_with_milk_nomilk,improved_recall_recovery,001362,True,True,0.5927088856697083,0.5927,5474,7581.0,0.9797223237120936,0.002661466598510742,0.6410943865776062,0.722225546836853,0.41480690240859985,1.0,35.31049153807112,12.06514313864728,21.0,9.816862380762586,0.99875,0.7554802954385289,0.740700557966522,8.623318988798781,1.042208965030006
SLAM_with_milk_nomilk,improved_recall_recovery,001363,True,True,0.5789035558700562,0.5629,4736,6552.0,0.9860641891891891,0.015684187412261963,0.6048710942268372,0.7212076187133789,0.40115201473236084,0.9466666579246521,36.0218237722072,12.011146073721038,20.0,10.972065695423794,0.9995,0.6801183977967662,0.6476130653266332,12.083708018956932,0.893405178456526
SLAM_with_milk_nomilk,improved_recall_recovery,001364,True,True,0.5759004950523376,0.5759,4915,6837.0,0.9835198372329603,0.0063394904136657715,0.6072575449943542,0.7082259058952332,0.40773358941078186,0.9733333587646484,37.274176907012816,12.136192876243836,20.0,10.271975581541255,0.999,0.7123112931195327,0.6628125,10.676297919044245,0.9441239334090139
SLAM_with_milk_nomilk,improved_recall_recovery,001366,True,True,0.5750803351402283,0.5751,5929,7434.0,0.9868443245066622,0.0009548068046569824,0.6078591346740723,0.6909308433532715,0.42237913608551025,0.9733333587646484,38.788206444636444,11.694528990954531,18.0,9.04394799560049,0.999,0.7744117035300364,0.8048894425412644,10.181912504430196,1.0238523355188036
SLAM_with_milk_nomilk,improved_recall_recovery,001371,True,True,0.5717968344688416,0.5718,4664,6820.0,0.989065180102916,0.009831428527832031,0.6033202409744263,0.7025060653686523,0.4016227126121521,0.95333331823349,35.94732564409185,12.122880546365053,19.0,5.6677344327436,0.99825,0.7265744631479195,0.659149072296865,10.136727626832633,0.9408999136524665
SLAM_with_milk_nomilk,improved_recall_recovery,001372,True,True,0.6016644835472107,0.5792,4855,7224.0,0.9886714727085479,0.011978864669799805,0.6413676738739014,0.7461629509925842,0.41111111640930176,0.9666666388511658,35.73576594112069,12.186458500726555,17.0,6.282954535320471,0.9985,0.7535093205813578,0.6765639885677993,8.759046487525408,0.9878032404841098
SLAM_with_milk_nomilk,improved_recall_recovery,001373,True,True,0.6020900011062622,0.6009,4421,6490.0,0.9880117620447862,0.004485368728637695,0.6716156005859375,0.7413026690483093,0.38465437293052673,0.9599999785423279,17.388239316806562,12.102103132708963,19.0,20.00596394161778,0.998,0.6710241551941549,0.6202432938240798,14.289166494800115,0.8502933846415279
SLAM_with_milk_nomilk,improved_recall_recovery,001377,True,True,0.5697828531265259,0.5692,6820,8978.0,0.9828445747800586,0.023048877716064453,0.5981737971305847,0.6505782008171082,0.4568316638469696,0.9666666388511658,28.077355555924328,12.106441700245918,17.0,15.932999376130624,0.99575,0.5828440155117461,0.5359720885466795,15.146135102038267,1.1766771428358929
SLAM_with_milk_nomilk,improved_recall_recovery,001380,True,True,0.5838916301727295,0.5817,4898,7308.0,0.9932625561453654,0.002170085906982422,0.6238503456115723,0.7191218733787537,0.4014030992984772,0.9599999785423279,30.970285383811756,13.213311188633698,23.0,10.943251032302328,0.98175,0.6694111197489016,0.6425215941809365,12.66180657814327,0.9646302467847868
SLAM_with_milk_nomilk,improved_recall_recovery,001383,True,True,0.5787397623062134,0.5787,4636,6480.0,0.908541846419327,0.012392938137054443,0.6419680118560791,0.7330732345581055,0.35971787571907043,0.9933333396911621,11.21567695455576,13.496194828822208,22.0,43.55974479082829,0.42925,0.507104551722443,0.5500709219858156,20.086686424606253,0.8140514143261542
SLAM_with_milk_nomilk,improved_recall_recovery,001388,True,True,0.6105403304100037,0.594,4828,7381.0,0.9527754763877382,0.01651298999786377,0.6750382781028748,0.7551221251487732,0.39719370007514954,0.9800000190734863,23.525181475539398,13.325949852121147,24.0,25.260384307796016,0.53875,0.49820662955315614,0.5108784335055752,20.71466925011969,0.9397362551936541
SLAM_with_milk_nomilk,improved_recall_recovery,001392,True,True,0.5661914348602295,0.5662,5127,7125.0,0.9617710161888043,0.008327364921569824,0.6061428785324097,0.7203382849693298,0.36677542328834534,0.9733333587646484,29.576359414178796,13.150954054152418,22.0,14.253561970107398,0.8895,0.6203361548454037,0.6153956216912291,15.212454354722803,0.9225247224236356
SLAM_with_milk_nomilk,improved_recall_recovery,001395,True,True,0.5785684585571289,0.5786,5218,7182.0,0.9653123802223074,0.011033475399017334,0.6333960890769958,0.7262355089187622,0.3719412684440613,0.9800000190734863,33.17463361921614,13.14183373698053,22.0,7.678628383491514,0.99675,0.7126317295534944,0.6779081860050512,12.444152524362382,0.9497237087246698
SLAM_with_milk_nomilk,improved_recall_recovery,001401,True,True,0.5881925225257874,0.5865,4951,6888.0,0.9785901838012523,0.02037966251373291,0.6669101119041443,0.7441796660423279,0.35191255807876587,0.9933333396911621,34.79350758002954,13.01287307497261,22.0,6.652112409593201,0.99825,0.6929550184632391,0.6692354185554549,13.648641064781454,0.918203742190789
SLAM_with_milk_nomilk,improved_recall_recovery,001406,True,True,0.5869162082672119,0.5869,5227,7410.0,0.9307442127415343,0.01721334457397461,0.6334797739982605,0.7441017627716064,0.3775848150253296,0.9733333587646484,33.32077565455825,13.459062019099544,22.0,4.78275390510845,0.9975,0.7512622320126936,0.6858459708593517,8.666904359746825,0.9717136294497506
SLAM_with_milk_nomilk,improved_recall_recovery,001411,True,True,0.5783356428146362,0.5778,5610,8052.0,0.9085561497326203,0.017333686351776123,0.6122216582298279,0.7243092060089111,0.3935483992099762,0.9733333587646484,40.06849563054095,14.179154928049305,23.0,9.176639857619762,0.6395,0.5990189646310555,0.5868715460304623,14.963931498252585,1.016834199183021
SLAM_with_milk_nomilk,improved_recall_recovery,001419,True,True,0.5891718864440918,0.5892,6205,8960.0,0.9585817888799355,0.009925663471221924,0.6449210047721863,0.7246044874191284,0.39408865571022034,0.9800000190734863,44.61452643231257,19.228619670624347,25.0,699.4400028911532,0.0925,0.37898217010329577,0.2907999586049881,28.31084882334292,1.078694503496293
SLAM_with_milk_nomilk,improved_recall_recovery,001422,True,True,0.5749757885932922,0.575,5924,8704.0,0.9944294395678596,0.011405885219573975,0.6161209344863892,0.7350354194641113,0.3696646988391876,0.9800000190734863,47.79444645346405,12.194893993840823,20.0,12.813233982815177,0.49025,0.3653635681548455,0.31168410831804944,30.302749276582453,1.0584167033041656
SLAM_with_milk_nomilk,improved_recall_recovery,001425,True,True,0.5707157850265503,0.5702,6700,9591.0,0.8950746268656716,0.0010085701942443848,0.6128741502761841,0.7128922939300537,0.38514384627342224,0.9933333396911621,42.89638592229073,14.825244634982353,23.0,15.516139915943882,0.04625,0.4315018242721169,0.34683673469387755,26.0596155852459,1.1262191571623812
SLAM_with_milk_nomilk,improved_recall_recovery,001430,True,True,0.591946005821228,0.5919,7766,11440.0,0.9567344836466649,0.0033347606658935547,0.6730237007141113,0.703765869140625,0.3951117694377899,0.9800000190734863,49.43764657702809,14.866585149232263,23.0,8.205981239495713,0.09525,0.3591752377595299,0.27495159302939626,34.51710945164665,1.2727611248417101
SLAM_with_milk_nomilk,improved_recall_recovery,001720,False,False,0.5628148913383484,0.5628,7259,10218.0,0.9329108692657391,0.022994637489318848,0.5982966423034668,0.6698452830314636,0.41436463594436646,0.9599999785423279,42.0,14.842441949702717,24.0,11.088768444873836,0.9985,0.864332888669977,0.7868400315208826,6.2265346463067575,1.1422681418662828
SLAM_with_milk_nomilk,improved_recall_recovery,001724,True,True,0.5540087819099426,0.554,7378,9880.0,0.9407698563296286,0.09894531965255737,0.5925971865653992,0.637029767036438,0.4255482256412506,0.9466666579246521,33.40999145507817,14.54915024380198,23.0,11.436337090874986,0.99825,0.6385492085751898,0.5766842952402851,12.786115725704352,1.1386042128071014
SLAM_with_milk_nomilk,improved_recall_recovery,001729,True,True,0.5417105555534363,0.5417,6858,8875.0,0.9409448818897638,0.08739224076271057,0.5615198612213135,0.6231327652931213,0.43552374839782715,0.95333331823349,22.751485900878947,14.282116150229095,23.0,8.449831674606799,0.984,0.48054339105673866,0.3733797028137844,22.826904493145324,1.060654327862769
SLAM_with_milk_nomilk,improved_recall_recovery,001734,True,True,0.5748913288116455,0.5746,4667,7503.0,0.9320762802656953,0.011770188808441162,0.610355019569397,0.7088168859481812,0.39844417572021484,0.9599999785423279,14.723457290649435,14.126134212971365,21.0,4.871128138245467,0.7005,0.3640141659728137,0.15354895683850314,28.889228955159314,0.9591907999906059
SLAM_with_milk_nomilk,improved_recall_recovery,001739,True,True,0.5665021538734436,0.5385,4275,6783.0,0.9239766081871345,0.028005599975585938,0.5878408551216125,0.703927218914032,0.40667295455932617,0.9933333396911621,12.190251511383167,14.0454923564812,20.0,10.57880349814036,0.62225,0.2886775558593298,0.09139131395734336,33.504750696432744,0.9116818725397212
SLAM_with_milk_nomilk,improved_recall_recovery,001744,True,True,0.5609317421913147,0.5609,4898,6440.0,0.9616169865251123,0.008825421333312988,0.5885368585586548,0.6529119610786438,0.4363636374473572,0.9599999785423279,15.70365920993811,13.28017857624081,20.0,20.88311672852194,0.60375,0.24698966451247104,0.14562002275312855,35.21815250467529,0.9593593405368832
SLAM_with_milk_nomilk,improved_recall_recovery,001748,True,True,0.5731105208396912,0.5588,3865,5650.0,0.9539456662354463,0.024867892265319824,0.6088125705718994,0.7094128727912903,0.39393940567970276,0.9599999785423279,5.732630058462064,12.870779339979126,25.0,22.213240100050143,0.56125,0.30450880335098646,0.13909537608668263,29.842204451696716,0.8270471806237204
SLAM_with_milk_nomilk,improved_recall_recovery,001753,True,True,0.576696515083313,0.5479,3598,5280.0,0.9641467481934408,0.028752446174621582,0.6085155606269836,0.7179862260818481,0.39761844277381897,0.9666666388511658,2.5887990069215903,12.714219707966501,20.0,15.19440156769025,0.583,0.26290028934631016,0.10340364954057202,31.49411972690793,0.8269380796937617
SLAM_with_milk_nomilk,improved_recall_recovery,001758,True,True,0.5682064890861511,0.5578,3511,5264.0,0.969809171176303,0.010367393493652344,0.594448983669281,0.6834793090820312,0.4218112528324127,0.9666666388511658,10.537715082038062,11.954903478569392,20.0,18.842396944414304,0.48975,0.2400817878787763,0.0722438391699092,31.99455454087758,0.8632297900738188
SLAM_with_milk_nomilk,improved_recall_recovery,001762,True,True,0.5726681351661682,0.5727,5102,6670.0,0.9860838886711094,0.010751128196716309,0.5909317135810852,0.6458866596221924,0.47803163528442383,0.9666666388511658,19.689523348246667,11.152128340084555,17.0,12.300819831352214,0.5735,0.35480044049504594,0.2582824477068988,25.66431902033742,1.1312710475112386
SLAM_with_milk_nomilk,improved_recall_recovery,001767,True,True,0.6093432307243347,0.5692,3214,4284.0,0.9810205351586808,0.04009515047073364,0.579287052154541,0.7008511424064636,0.5472579002380371,0.9897959232330322,20.598190176360276,11.399427933761864,17.0,15.522832273420931,0.393,0.16266786215885792,0.04772975929978118,35.771267467953976,0.7477612255099519
SLAM_with_milk_nomilk,improved_recall_recovery,001772,True,True,0.6049640774726868,0.5908,3352,4905.0,0.9806085918854416,0.014180958271026611,0.5650254487991333,0.7032142281532288,0.5460513830184937,0.9897959232330322,23.263823614634248,11.19696179829643,19.5,756.3274914668223,0.43825,0.18942069380959572,0.009482418016594232,33.77572735433443,0.8916617862649018
SLAM_with_milk_nomilk,improved_recall_recovery,001777,True,True,0.5692072510719299,0.5692,3876,5311.0,0.9811661506707946,0.053767263889312744,0.5762004256248474,0.651565432548523,0.47415274381637573,0.9399999976158142,29.611493894434147,9.773427946155351,15.0,764.1918963614644,0.4885,0.1524134931645314,0.04900558949694527,36.54022910290638,1.0025712491115073
SLAM_with_milk_nomilk,improved_recall_recovery,001782,True,True,0.601794421672821,0.6018,3557,4995.0,0.9811639021647456,0.01877230405807495,0.6222466230392456,0.6971762776374817,0.4785667657852173,0.9399999976158142,33.722471031382156,10.020381857052396,12.0,789.9506100477939,0.5125,0.14427715901355734,0.012648116096391958,36.085661272447005,0.9780337859012129
SLAM_with_milk_nomilk,improved_recall_recovery,001787,True,True,0.5918126106262207,0.5904,3138,4428.0,0.9815168897386871,0.02941828966140747,0.5808996558189392,0.715893566608429,0.47310492396354675,0.95333331823349,35.029597625476526,9.289476799936725,14.0,17.573483243107603,0.49525,0.12361613337368815,0.012257974648279704,36.30483859809071,0.8826563385665337
SLAM_with_milk_nomilk,improved_recall_recovery,001792,True,True,0.5828050374984741,0.5828,3330,4746.0,0.9624624624624625,0.027622342109680176,0.5465728640556335,0.6931167244911194,0.5028631091117859,0.9266666769981384,42.6692384565597,9.152706473838895,14.0,14.149714208943806,0.5605,0.13871253351922744,0.010497981157469718,35.38098115815958,0.9273976954702858
SLAM_with_milk_nomilk,improved_recall_recovery,001797,True,True,0.6030322909355164,0.5391,3011,4410.0,0.9877117236798406,0.035128891468048096,0.5502250790596008,0.6857476830482483,0.572501003742218,0.9795918464660645,21.03000926922482,7.577743472330863,9.0,15.91107630113089,0.6495,0.16632210246143256,0.059652619589977224,34.35905621890861,0.8201576088937947
SLAM_with_milk_nomilk,improved_recall_recovery,001803,True,True,0.5799246430397034,0.535,3373,5175.0,0.9833975689297362,0.026228725910186768,0.5589982271194458,0.6817658543586731,0.4932301640510559,0.9333333373069763,32.324501752535184,7.443084115421507,13.0,19.04973540570461,0.537,0.18683338546894715,0.008323579139029784,32.88699931339415,0.9706702248194516
SLAM_with_milk_nomilk,improved_recall_recovery,001808,False,False,0.5826863646507263,0.5776,3156,4182.0,0.988276299112801,0.016246557235717773,0.576337993144989,0.7183713316917419,0.44701874256134033,0.95333331823349,16.465921866686926,7.160973906212271,9.0,30.05167089059171,0.66625,0.22173369489757921,0.07188476695203153,30.642550232134305,0.7334275238295304
SLAM_with_milk_nomilk,improved_recall_recovery,002185,True,True,0.5015872120857239,0.5016,7343,9394.0,0.990739479776658,0.00518113374710083,0.5738449096679688,0.5567443370819092,0.3350791931152344,0.7652173638343811,43.5,12.549605580618662,20.0,25.980310708350203,0.9995,0.7338026436418957,0.7306351883080382,14.733398128752933,0.9957036831641142
SLAM_with_milk_nomilk,improved_recall_recovery,002189,True,True,0.5091649293899536,0.5054,7265,9424.0,0.9029593943565037,0.0208132266998291,0.5655442476272583,0.5938431024551392,0.3379938304424286,0.8240740895271301,32.959991455078125,15.661405594640726,21.0,751.0645190044197,0.99925,0.15243049304209463,0.04358276930862167,83.32539337877128,0.5067237178053906
SLAM_with_milk_nomilk,improved_recall_recovery,002194,True,True,0.5115081667900085,0.511,6613,8732.0,0.9794344473007712,0.006070733070373535,0.5892882347106934,0.5624307990074158,0.3589223623275757,0.843478262424469,29.98900299072261,11.094617351372646,16.0,779.2242293846346,0.99975,0.10694904707056371,0.018804112554112556,77.11470827427195,0.5020954266707923
SLAM_with_milk_nomilk,improved_recall_recovery,002200,True,True,0.5149255394935608,0.5134,5821,7632.0,0.9888335337570864,0.009553194046020508,0.5651158690452576,0.5832144618034363,0.3443155586719513,0.6944444179534912,28.672847671508748,10.106553395126356,16.0,813.7594341416661,0.9795,0.054642663654159866,0.007488436972322149,72.56871976307859,0.5336297237442641
SLAM_with_milk_nomilk,improved_recall_recovery,002204,True,True,0.5215779542922974,0.5119,6167,8379.0,0.9792443651694503,0.004599928855895996,0.5618767142295837,0.5997084379196167,0.3778661787509918,0.8240740895271301,32.98235525894165,9.699216089787624,12.0,1166.5361610723667,0.97125,0.09036517829498103,0.013240624306531548,60.994459558575386,0.7269904925281842
SLAM_with_milk_nomilk,improved_recall_recovery,002210,True,True,0.5424438118934631,0.5424,8631,11396.0,0.9389410265322674,0.022301971912384033,0.5813202857971191,0.6276736855506897,0.4026610553264618,0.8878504633903503,27.46852664585117,11.987690496979639,16.0,920.6645036218954,0.9625,0.16630203265450322,0.07318059299191375,53.466750603820586,1.184857790605323
SLAM_with_milk_nomilk,improved_recall_recovery,002215,True,True,0.5503342747688293,0.5452,8819,11250.0,0.8828665381562535,0.02150338888168335,0.5871341824531555,0.6205229163169861,0.43108662962913513,0.8971962332725525,29.449546592264255,11.252882305545828,15.0,898.6862017588462,0.97975,0.14590961837827923,0.07490357940320726,51.905105700160256,1.3536044845581943
SLAM_with_milk_nomilk,improved_recall_recovery,002220,True,True,0.5395119786262512,0.5395,8548,11324.0,0.9113242863827796,0.025295734405517578,0.5591890811920166,0.6259709000587463,0.4266012907028198,0.9399999976158142,33.687209557432766,11.98741776191193,12.0,888.4281891063933,0.9965,0.13754869260913669,0.07593627146699772,52.73960445232357,1.3819218804328957
SLAM_with_milk_nomilk,improved_recall_recovery,002225,True,True,0.5506678223609924,0.5507,8851,11856.0,0.905434414190487,0.010121345520019531,0.570864737033844,0.6190012693405151,0.45373666286468506,0.9133333563804626,37.42668193987038,12.908715111534416,14.0,858.4299989185206,0.99575,0.1883731116714312,0.13389566203572442,47.47529579288666,1.4391336301246749
SLAM_with_milk_nomilk,improved_recall_recovery,002231,True,True,0.5632132291793823,0.5577,5414,8151.0,0.9922423346878463,0.015161454677581787,0.5161153674125671,0.6005750894546509,0.5778857469558716,0.663551390171051,41.382338988454876,8.276172043836372,10.0,847.9067622704522,0.23525,0.15354416059076248,0.06595472020504058,44.54983266573789,0.9893262856948777
SLAM_with_milk_nomilk,improved_recall_recovery,002236,True,True,0.5128617882728577,0.5129,9402,12432.0,0.9366092320782812,0.027151048183441162,0.5613398551940918,0.6029930710792542,0.3599628508090973,0.9065420627593994,44.27352034249566,11.946951321129319,14.0,845.6147475512618,0.4935,0.25372932244231733,0.21234079929732103,42.95715069591185,1.454733993109652
SLAM_with_milk_nomilk,improved_recall_recovery,002241,True,True,0.5202692747116089,0.5165,4023,8493.0,0.8443947303007706,0.003011047840118408,0.5480530261993408,0.6081855297088623,0.38573428988456726,0.8600000143051147,43.002788222622144,16.200131660964278,25.0,821.0920908538917,0.996,0.19078936115896858,0.18634496919917864,42.39859761672162,0.9220110330514116
SLAM_with_milk_nomilk,improved_recall_recovery,002247,True,True,0.5291792154312134,0.5292,6342,8967.0,0.9812362030905077,0.022917449474334717,0.5010287761688232,0.5920215249061584,0.4776234030723572,0.672897219657898,60.32681234470442,4.833874589706857,7.0,810.7837400419947,0.996,0.0,0.0,70.17566514950363,0.911527339221502
SLAM_with_milk_nomilk,improved_recall_recovery,002252,True,True,0.5100151300430298,0.51,7421,11218.0,0.9871984907694381,0.01824846863746643,0.5412527322769165,0.5925654768943787,0.35640159249305725,0.7407407164573669,65.3824322965188,6.574946022251222,8.0,805.9666885510719,0.997,0.0,0.002965861046254812,74.77338444191189,1.09185187837229
SLAM_with_milk_nomilk,improved_recall_recovery,002309,True,True,0.5290254354476929,0.529,12615,18684.0,0.9227903289734443,0.02872234582901001,0.5630817413330078,0.6071023941040039,0.41334354877471924,0.9693251252174377,43.29998779296875,17.343815694802068,15.0,17.941158506711872,0.947,0.8118532134136774,0.7700612780857893,5.4477454354135935,1.2317497590422823
SLAM_with_milk_nomilk,improved_recall_recovery,002314,True,True,0.561776340007782,0.5618,12862,17271.0,0.8760690405846681,0.017961323261260986,0.5975157618522644,0.6407142877578735,0.4431445598602295,0.9666666388511658,37.94499206542969,15.692667116059777,13.0,28.34848396557146,0.97375,0.7570802471629574,0.6348001343634532,9.663301883293418,1.1600331351221895
SLAM_with_milk_nomilk,improved_recall_recovery,002319,True,True,0.5579684972763062,0.558,12509,16900.0,0.9044687824766169,0.05412393808364868,0.5848970413208008,0.6474158763885498,0.4375797212123871,0.9666666388511658,38.72925338745108,16.20322738780692,17.0,26.218856780081808,0.9075,0.7007254563670271,0.5788390010626993,13.733023413852893,1.146728156014293
SLAM_with_milk_nomilk,improved_recall_recovery,002324,True,True,0.5571320056915283,0.5571,12539,16900.0,0.9200095701411596,0.06337961554527283,0.5932177901268005,0.6427909135818481,0.43118932843208313,0.9666666388511658,40.699014701843225,16.372049118856353,14.0,26.63116983758698,0.9995,0.7755817721130616,0.650669255842985,8.84111954355485,1.1540163422982017
SLAM_with_milk_nomilk,improved_recall_recovery,002329,True,True,0.5602942705154419,0.5603,12359,16731.0,0.9113196860587426,0.06734123826026917,0.5845112204551697,0.6496621966362,0.44359755516052246,0.9733333587646484,40.344368101119926,16.184616520810525,14.0,23.359954725118996,0.98875,0.8309105744811074,0.7207378669204304,5.778844830269264,1.1498166876230111
SLAM_with_milk_nomilk,improved_recall_recovery,002334,True,True,0.5505993962287903,0.5506,12358,16830.0,0.9295193396989804,0.00505828857421875,0.5802927017211914,0.6347908973693848,0.4335944652557373,0.9733333587646484,39.938847810649804,15.13085789563149,14.0,23.01493543076171,0.9785,0.8127712276753842,0.7178374402353807,6.168324605857032,1.1660686467816965
SLAM_with_milk_nomilk,improved_recall_recovery,002336,True,True,0.5627064108848572,0.5627,12119,17069.0,0.9137717633468108,0.005145430564880371,0.5895857810974121,0.6446117758750916,0.45094120502471924,0.9733333587646484,41.18525107692233,14.471413407134156,14.0,23.34358872501673,0.9065,0.8140582670139677,0.7350504594065371,6.37344929454967,1.1950976335997363
only_Milk,jitter_recall_smoothing,000000,True,True,0.6299417018890381,0.6287,6098,6580.0,0.9916366021646441,0.046844542026519775,0.6248686909675598,0.7267884612083435,0.5381679534912109,1.0,25.70001220703125,11.471044859708442,13.0,11.596145124454779,0.99825,0.7854626364065731,0.79511576276562,8.56759455302051,1.2342063036443236
only_Milk,jitter_recall_smoothing,000005,True,True,0.6242187023162842,0.6081,6260,6674.0,0.9921725239616613,0.03985726833343506,0.6252342462539673,0.720794677734375,0.526627242565155,1.0,26.014999389648438,13.042618838961136,14.0,11.197698170410604,0.9985,0.764570997533934,0.7742085661080075,8.406824517415759,1.2489769266576156
only_Milk,jitter_recall_smoothing,000010,True,True,0.6176008582115173,0.617,6245,6674.0,0.9939151321056845,0.002176821231842041,0.6135417222976685,0.7126335501670837,0.526627242565155,1.0,25.149758148193314,13.116921599996433,14.0,11.657399130909312,0.999,0.7663089386402006,0.782608695652174,8.348273108713462,1.2314777965297865
only_Milk,jitter_recall_smoothing,000015,True,True,0.6325402855873108,0.6325,6074,6580.0,0.9934145538360224,0.04374498128890991,0.6306750178337097,0.7287780046463013,0.5381679534912109,1.0,26.09734279632562,11.47944368225132,13.0,11.167875911756767,0.999,0.7809811742423801,0.7986641221374046,8.264289363728617,1.2216126168535018
only_Milk,jitter_recall_smoothing,000020,True,True,0.6286165118217468,0.628,6243,6816.0,0.9911901329489028,0.00901031494140625,0.6256553530693054,0.7249641418457031,0.5342671275138855,0.9897959232330322,26.09826427268979,13.022950247548916,14.0,11.31036684520791,0.99825,0.7538763299866771,0.7845938810374282,8.35431749254156,1.2617997742301643
only_Milk,jitter_recall_smoothing,000025,True,True,0.6301038265228271,0.6301,6256,6816.0,0.9900895140664961,0.013359606266021729,0.6265468001365662,0.7285196185112,0.5342671275138855,0.9897959232330322,26.343867504787454,12.973965640498937,14.0,11.026326702198617,0.9985,0.7545814023427097,0.7738631072481763,8.232817612467317,1.2348144231672435
only_Milk,jitter_recall_smoothing,000030,True,True,0.6368457674980164,0.6368,6035,6768.0,0.9913835956917978,0.057092905044555664,0.6372230648994446,0.7304641008377075,0.5428499579429626,1.0,26.398513878111885,11.390678009088939,14.0,11.5222255613225,0.9985,0.7652560973569666,0.8029279279279279,8.473210126702178,1.2445050295202946
only_Milk,jitter_recall_smoothing,000035,True,True,0.6292852759361267,0.6271,6174,6816.0,0.9936831875607386,0.035538554191589355,0.6302229166030884,0.7233656644821167,0.5342671275138855,1.0,25.434034020772742,12.765647258291162,14.0,10.917291064622304,0.9985,0.7619229532198005,0.7748911014312383,8.19542981091889,1.2730602227733674
only_Milk,jitter_recall_smoothing,000040,True,True,0.6279938817024231,0.628,6152,6816.0,0.9944733420026007,0.03569936752319336,0.6284109354019165,0.7203470468521118,0.5342671275138855,0.9897959232330322,25.492113568580407,12.806749925495707,14.0,10.936277535934323,0.99825,0.7640955306496183,0.7701365991521432,7.96455257746187,1.2561155989891475
only_Milk,jitter_recall_smoothing,000045,True,True,0.631004810333252,0.631,6145,6768.0,0.9960943856794141,0.021447360515594482,0.6367931365966797,0.7187276482582092,0.5374937057495117,1.0,25.70486527465539,12.835187105571121,14.0,11.352812275318058,0.9985,0.7663168227480376,0.7699859747545582,7.2392080004403025,1.2660348690149725
only_Milk,jitter_recall_smoothing,000050,True,True,0.6244004368782043,0.6244,6131,6768.0,0.9962485728266188,0.004916965961456299,0.626410186290741,0.7092973589897156,0.5374937057495117,1.0,25.123170973447827,12.818121011195037,14.0,11.864895368340399,0.99775,0.7670583042113946,0.7698907956318253,7.233762249558794,1.2618672300665463
only_Milk,jitter_recall_smoothing,000055,True,True,0.6168096661567688,0.6147,6042,6768.0,0.9783184376034426,0.046382904052734375,0.6135606169700623,0.6985653638839722,0.5374937057495117,0.9897959232330322,25.64005258781924,12.917547028810041,16.0,12.008043741084862,0.99675,0.746731871153334,0.7737981534543139,7.6783932893349975,1.26478625633148
only_Milk,jitter_recall_smoothing,000060,True,True,0.6287012100219727,0.6287,5772,6256.0,0.9972279972279973,0.011073946952819824,0.6238325834274292,0.7367193698883057,0.5244882106781006,0.9897959232330322,28.416034182082512,9.444582987022873,12.0,12.200069549939428,0.9965,0.6937454129407348,0.7065420560747664,10.439211888871764,1.1679011931714913
only_Milk,jitter_recall_smoothing,000065,True,True,0.6169573664665222,0.6133,6048,6192.0,0.998181216931217,0.0036193132400512695,0.6208220720291138,0.7236471176147461,0.5052631497383118,0.9897959232330322,35.6304136734318,7.659061699827237,11.0,18.29091823351291,0.99675,0.5872334076575354,0.588127467569092,15.895651688128078,1.1259409028279597
only_Milk,jitter_recall_smoothing,000070,True,True,0.6337844729423523,0.6338,6447,6850.0,0.9930200093066542,0.012788653373718262,0.6473421454429626,0.7511541247367859,0.5028571486473083,1.0,46.784768887730706,8.760858795335064,11.0,27.633013628011895,0.99625,0.518068482920175,0.5317480719794344,17.250504345327826,1.1746954017900257
only_Milk,jitter_recall_smoothing,000075,True,True,0.5966374278068542,0.5966,4761,5100.0,0.9970594412938458,0.01213914155960083,0.5973092317581177,0.7417139410972595,0.44785276055336,0.9795918464660645,62.525108321946846,6.919042361922217,10.0,1140.080496218927,0.999,0.3067047639875363,0.2711398158115058,35.009044398773916,0.4220182439194932
only_Milk,jitter_recall_smoothing,000080,True,True,0.6192807555198669,0.6025,6881,7367.0,0.9863391948844644,0.012654602527618408,0.6373763680458069,0.753192126750946,0.4641070067882538,0.9795918464660645,64.74132040926543,8.362276997822443,12.0,1101.9152586840582,0.762,0.30137753253171135,0.33213589243559477,42.027319060791115,0.5519891671659367
only_Milk,jitter_recall_smoothing,000085,True,True,0.611264705657959,0.611,9054,9185.0,0.9666445769825491,0.004734635353088379,0.614029586315155,0.7186292409896851,0.5,0.9897959232330322,65.1468668109444,13.252084444093022,16.0,14.176141757560458,0.24025,0.44374462189858904,0.4262687666942986,29.015742835406403,0.736643382810622
only_Milk,jitter_recall_smoothing,000090,True,True,0.616758406162262,0.6165,9455,10325.0,0.9857218402961396,0.00962674617767334,0.6178704500198364,0.7203009724617004,0.5121038556098938,1.0,64.51546769957474,12.74527383710958,15.0,24.237347632005708,0.53775,0.5399018381226511,0.4739978331527627,28.29450520968945,0.9143898870607251
only_Milk,jitter_recall_smoothing,000095,True,True,0.6263000965118408,0.6257,7321,7788.0,0.986750443928425,0.01983565092086792,0.6487627029418945,0.7653327584266663,0.46313992142677307,0.9897959232330322,40.695056140953966,7.743292391281752,11.0,9.997020149451089,0.72,0.5697450064007425,0.5310262529832935,20.592292971941998,0.6456115941319641
only_Milk,jitter_recall_smoothing,000100,True,True,0.6287203431129456,0.6287,8741,9238.0,0.9858139800938108,0.0035734176635742188,0.6514682173728943,0.7600409388542175,0.473063588142395,0.9897959232330322,23.976786491620032,7.34235326784262,11.0,5.97773123821969,0.9075,0.5860963988630014,0.574118061053928,24.11826638818167,0.7165694925986306
only_Milk,jitter_recall_smoothing,000105,True,True,0.6235782504081726,0.6214,11311,12352.0,0.9805499071700114,0.0166853666305542,0.6274821162223816,0.7280960083007812,0.5140388607978821,0.9897959232330322,32.90491549201397,12.847488580967168,15.0,12.457442198649005,0.99125,0.6698094968967163,0.6032871163732668,18.793875015845774,1.0221648619471109
only_Milk,jitter_recall_smoothing,000110,True,True,0.6349400281906128,0.63,9752,10752.0,0.9891304347826086,0.022533059120178223,0.6501696109771729,0.758795976638794,0.49442058801651,0.9897959232330322,11.11319506980908,7.507826850078673,11.0,10.982903730295561,0.97325,0.5282454932145365,0.4895270520316779,27.16692781186399,0.805628473393879
only_Milk,jitter_recall_smoothing,000115,True,True,0.6327565908432007,0.6328,11907,12804.0,0.983371126228269,0.00721663236618042,0.6292986869812012,0.7049869894981384,0.5639840364456177,1.0,16.198576795375914,12.47642003828426,14.0,6.000539274592995,0.60775,0.44293092284498614,0.4224547438695596,25.11461862286375,1.0473036853049316
only_Milk,jitter_recall_smoothing,000120,True,True,0.6259310245513916,0.6259,11860,12545.0,0.966441821247892,0.011188030242919922,0.6000387072563171,0.714805543422699,0.5629488825798035,1.0,19.574079189455233,12.207042166494281,14.0,6.541372632447917,0.4565,0.3770912006475682,0.3301881086312224,28.72065743272514,1.0882805693353332
only_Milk,jitter_recall_smoothing,000125,True,True,0.6284071207046509,0.6284,11802,13065.0,0.9795797322487714,0.0520329475402832,0.607975423336029,0.7171143889427185,0.5601315498352051,1.0,20.83814933691542,13.031178803577719,13.0,6.736686859976828,0.471,0.3401413723227348,0.29437975285171103,31.063033710145426,1.1795803001026481
only_Milk,jitter_recall_smoothing,000130,True,True,0.6271049380302429,0.6271,11807,13248.0,0.9763699500296434,0.10219484567642212,0.5956680178642273,0.7103272676467896,0.5753196477890015,1.0,18.444797068995,12.508353705745826,12.0,9.578137707077815,0.69925,0.35668235814058125,0.3124321717110816,30.00301312894334,1.1946246282700734
only_Milk,jitter_recall_smoothing,000135,True,True,0.5688777565956116,0.5683,11614,12351.0,0.9615980712932668,0.003336310386657715,0.5870725512504578,0.6791133880615234,0.4322495758533478,0.9399999976158142,21.38412236730767,9.670161233963444,12.0,94.29462138613883,0.47475,0.28894935424273666,0.25917686318131256,37.28649120946866,1.1207234067479641
only_Milk,jitter_recall_smoothing,000140,True,True,0.6094967126846313,0.6095,9098,10048.0,0.9868102879753792,0.03963732719421387,0.5984721779823303,0.7233527302742004,0.5056052803993225,0.9897959232330322,16.849679538749967,6.5970781240628185,10.0,2.882623711538656,0.28125,0.3558411454398769,0.2792635398467948,30.569907295427463,0.9227772612128808
only_Milk,jitter_recall_smoothing,000145,True,True,0.5547567009925842,0.5548,9692,10494.0,0.9699752373091209,0.004626154899597168,0.567296028137207,0.6716711521148682,0.4130189120769501,0.9133333563804626,7.012283155265607,7.651814807930968,11.0,9.18986885092113,0.55975,0.46409538819142926,0.420677890677149,23.513205941814807,0.9929647013756419
only_Milk,jitter_recall_smoothing,000150,True,True,0.5984697937965393,0.5985,5223,5830.0,0.9894696534558682,0.04381752014160156,0.649476170539856,0.7436366677284241,0.40229660272598267,1.0,25.3220116766164,5.447764971221289,8.0,177.72905849098166,0.8795,0.45399562977796354,0.5254615540677622,2.781849986727955,0.4539956297779634
only_Milk,jitter_recall_smoothing,000155,True,True,0.5596345663070679,0.5581,9030,9858.0,0.9487264673311185,0.0009657144546508789,0.5851824879646301,0.6569180488586426,0.42514777183532715,0.9133333563804626,25.06929904487879,14.761770785357895,15.0,143.36820050570492,0.99675,0.6811685268997564,0.7020086214803265,9.114326043859204,0.8179605628037565
only_Milk,jitter_recall_smoothing,000160,True,True,0.582994818687439,0.583,4131,4508.0,1.0,0.0009198188781738281,0.6399184465408325,0.7336562871932983,0.3732696771621704,0.9897959232330322,17.515048651632128,5.5739728023939135,8.0,849.7278446369919,0.90475,0.24385468901732535,0.23367328681338342,59.645817558296315,0.36094243373047413
only_Milk,jitter_recall_smoothing,000165,True,True,0.5739594101905823,0.574,7304,8176.0,0.9826122672508215,0.13969391584396362,0.6163275837898254,0.660000741481781,0.43735364079475403,0.9399999976158142,19.239777351099974,12.130156211630403,12.0,976.9587276382596,0.99575,0.3173800790161585,0.22311481621826448,44.80454950008121,0.5338810225807219
only_Milk,jitter_recall_smoothing,000170,True,True,0.5749415159225464,0.5749,6734,7473.0,0.9915354915354916,0.1274484395980835,0.6119405627250671,0.6675148010253906,0.43410205841064453,0.9200000166893005,12.860851005754057,11.730151030597316,11.0,1001.5028335661583,0.77225,0.433681681088535,0.31645569620253167,28.294248555387252,0.5975539866318959
only_Milk,jitter_recall_smoothing,000175,True,True,0.5850310325622559,0.5845,6385,7100.0,0.9813625685199687,0.1617526113986969,0.5992905497550964,0.6919844150543213,0.4560810923576355,0.9399999976158142,10.554557426201086,51.60190956986018,12.0,949.3503822800644,0.05775,0.4684886696948455,0.34479241048658577,21.877047347183474,0.7285923766096375
only_Milk,jitter_recall_smoothing,000180,True,True,0.5887603759765625,0.5876,5968,6624.0,0.983411528150134,0.13489389419555664,0.6114379167556763,0.6941087245941162,0.4515898525714874,0.9333333373069763,6.370453782108825,13.769292825798615,13.0,938.9312004399051,0.1225,0.29589095016913647,0.1877284853275368,29.448774412374352,0.847323128222517
only_Milk,jitter_recall_smoothing,000185,True,True,0.6581010818481445,0.6497,4909,5175.0,0.9983703401914851,0.026872336864471436,0.6712720394134521,0.7747923135757446,0.5241379141807556,0.9693877696990967,25.075786413448895,6.290668342755669,10.0,986.662593232115,0.61675,0.14424945277877757,0.10780141843971631,39.09675244925415,0.7109371142706759
only_Milk,jitter_recall_smoothing,000190,True,True,0.624894917011261,0.5974,4625,4830.0,0.9974054054054055,0.05011206865310669,0.6363899111747742,0.7375802993774414,0.4981273412704468,0.9795918464660645,6.469265441202651,7.075673289020751,11.0,1003.6174626203211,0.38775,0.13174936872257398,0.10066239548267998,37.01137478219037,0.7441726923456955
only_Milk,jitter_recall_smoothing,000195,True,True,0.6330131888389587,0.633,5651,6072.0,0.9869049725712263,0.033867597579956055,0.6090524196624756,0.7252325415611267,0.5640507936477661,0.9897959232330322,5.3849860081401175,11.48993490967464,13.0,996.442806392828,0.3265,0.0833446003308705,0.06224188790560472,39.48875440944177,1.0842138403093051
only_Milk,jitter_recall_smoothing,000200,True,True,0.6302298307418823,0.6293,5802,6120.0,0.9974146845915202,0.04844784736633301,0.6316699385643005,0.7347413897514343,0.5231859087944031,0.9897959232330322,19.625240905291093,12.294686665425303,14.0,919.7071107318261,0.0055,0.015620477498380083,0.008366234254559127,43.85742720932043,1.1844471737468292
only_Milk,jitter_recall_smoothing,000205,True,True,0.5721697211265564,0.5722,5617,5984.0,0.9843332739896742,0.0030792951583862305,0.6340698003768921,0.6910107731819153,0.3704119324684143,0.8958333134651184,30.041398043517347,11.765321120442518,14.0,134.1340336533204,0.006,0.0818228149379935,0.09248315189217211,37.50288704679963,1.1849252968692436
only_Milk,jitter_recall_smoothing,000210,True,True,0.6294854283332825,0.6295,6096,6768.0,0.9975393700787402,0.0050376057624816895,0.6361493468284607,0.718182384967804,0.5341246128082275,1.0,38.25190872828625,11.884623210755358,14.0,5.695605719919172,0.564,0.2989434813443773,0.28617961842717543,23.834779800759662,1.3265815928675582
only_Milk,jitter_recall_smoothing,000215,True,True,0.6192421317100525,0.6189,6391,7350.0,0.9687059928023783,0.012288808822631836,0.6198825836181641,0.7128691673278809,0.524002730846405,0.9897959232330322,51.458744945847,12.778054433003936,13.0,16.14075946088019,0.565,0.3313800167699369,0.32873432155074117,23.25972072144342,1.3626069374508056
only_Milk,jitter_recall_smoothing,000220,True,True,0.6152670383453369,0.6153,7709,7852.0,0.9548579582306395,0.0299227237701416,0.6158528923988342,0.7059088349342346,0.5240394473075867,1.0,56.933175669878665,13.077569858860553,13.0,30.796143468718242,0.82075,0.41489429832179586,0.3938494167550371,18.70487515327638,1.3871545991650873
only_Milk,jitter_recall_smoothing,000225,True,True,0.5742225646972656,0.5563,6958,7384.0,0.9594711123886174,0.0004920363426208496,0.6347758769989014,0.6835559606552124,0.4025474786758423,0.9895833134651184,64.4515684578821,7.8381868425548715,12.0,41.55990577056957,0.99625,0.5900135460164753,0.6382924981055822,16.925817857099993,1.1946293725226167
only_Milk,jitter_recall_smoothing,000230,True,True,0.6217396855354309,0.6211,8939,9633.0,0.9640899429466383,0.009429872035980225,0.6234781742095947,0.7038102149963379,0.537066638469696,0.9897959232330322,68.92851095270146,12.564157992446184,13.0,49.64630529386011,1.0,0.6417107193573143,0.6470080862533693,11.029848908762087,1.4589480246163342
only_Milk,jitter_recall_smoothing,000235,True,True,0.572828471660614,0.5428,8820,9060.0,0.9484126984126984,0.02088916301727295,0.6051170229911804,0.6567680239677429,0.4279206395149231,0.8020833134651184,69.008527846795,6.462326308781508,11.0,47.18150243016453,0.73775,0.293067190860201,0.2923102337490708,34.21554968903765,1.2540804940786277
only_Milk,jitter_recall_smoothing,000240,True,True,0.6317002773284912,0.6277,9742,10740.0,0.9604803941695751,0.004282176494598389,0.6217237710952759,0.7162830829620361,0.5570939779281616,1.0,61.75554310041673,12.067740111481692,13.0,1136.3085066204408,0.373,0.09195424229660021,0.053799638426532015,47.91974847313851,1.3741346408162691
only_Milk,jitter_recall_smoothing,000245,True,True,0.624401330947876,0.6244,9313,9982.0,0.9822828304520562,0.012988567352294922,0.6368359923362732,0.7509252429008484,0.48544278740882874,1.0,56.266103015270915,6.690949247178777,12.0,1188.6745251006837,0.88575,0.006851904420266774,0.0,61.46600360563543,1.1673102317944293
only_Milk,jitter_recall_smoothing,000250,True,True,0.6104156374931335,0.6104,10504,11895.0,0.982006854531607,0.010208547115325928,0.6172143816947937,0.715033769607544,0.4989986717700958,1.0,48.7629648236956,12.041974356051783,12.0,1188.3430139906413,0.84525,0.007474958697654274,0.0,61.98661980113911,1.3205767779045277
only_Milk,jitter_recall_smoothing,000255,True,True,0.6131226420402527,0.6125,9758,10496.0,0.974584955933593,0.0705941915512085,0.6282704472541809,0.7474625110626221,0.46209385991096497,0.9897959232330322,14.185924999171675,7.254427568210713,11.0,1162.5352361219666,0.75825,0.05628259960210121,0.009489166534872686,59.21340739627266,0.9749646399372256
only_Milk,jitter_recall_smoothing,000260,True,True,0.5622918009757996,0.5623,10310,11316.0,0.9769156159068865,8.803606033325195e-05,0.615534245967865,0.6978690028190613,0.36696121096611023,0.9666666388511658,14.170851249461634,8.424233354111964,11.0,1137.7081290369351,0.5915,0.12392837297228905,0.07816608238387379,53.437428040922434,1.0521106229277493
only_Milk,jitter_recall_smoothing,000265,True,True,0.563834547996521,0.5638,9714,10676.0,0.9897055795758699,0.003588855266571045,0.6106737852096558,0.7080883383750916,0.3590920567512512,0.9333333373069763,9.47104476722825,10.094789756998955,12.0,1093.9755978729597,0.29175,0.23602260134195815,0.19907348648305623,41.71730834970635,1.0007163046235077
only_Milk,jitter_recall_smoothing,000270,True,True,0.5670206546783447,0.567,9028,10112.0,0.993021710234825,0.0018468499183654785,0.6107017993927002,0.7005485892295837,0.3837008476257324,0.9666666388511658,0.5388251737625751,9.579550621062278,14.0,27.729594579581658,0.3365,0.38137087131065556,0.339562000149488,28.89130553344808,0.9803928526781971
only_Milk,jitter_recall_smoothing,000275,True,True,0.572661817073822,0.5727,8106,8880.0,0.9958055761164569,0.008928954601287842,0.6063448786735535,0.7182551622390747,0.376373827457428,0.9133333563804626,7.5902449078676,9.723256610529017,13.0,30.879621731200984,0.747,0.5868443071134749,0.5121505572811986,15.873935453530061,0.916457378689319
only_Milk,jitter_recall_smoothing,000280,True,True,0.5732089281082153,0.5729,6926,7809.0,0.9914813745307537,0.011676192283630371,0.6205882430076599,0.7123796939849854,0.36895695328712463,0.9133333563804626,11.928663462574832,9.433478638016684,13.0,30.558262999262354,0.9975,0.8185425800239499,0.7741545893719807,6.14503375813121,0.872094096855506
only_Milk,jitter_recall_smoothing,000285,True,True,0.6190243363380432,0.619,6180,6966.0,0.9954692556634305,0.0007624626159667969,0.6499546766281128,0.7524271011352539,0.4546912610530853,1.0,12.72863125067363,8.310173170211742,11.0,27.970740923818198,0.99625,0.488272749416356,0.48630444544229906,18.94620462099184,0.8569082260618877
only_Milk,jitter_recall_smoothing,000290,True,True,0.6052373051643372,0.6052,6193,7089.0,0.9838527369610851,0.013252437114715576,0.5938102602958679,0.7078343033790588,0.5140673518180847,1.0,14.598610312937808,11.84666248817608,13.0,29.464187636328575,0.49825,0.33569408850958166,0.3022395726320115,25.672740460533376,0.978798472811586
only_Milk,jitter_recall_smoothing,000295,True,True,0.6130213737487793,0.613,6014,6762.0,0.9985034918523445,0.13393056392669678,0.6174805164337158,0.7217555642127991,0.4998280704021454,1.0,4.854105248331393,11.810343552727911,11.0,20.753170198602675,0.54375,0.3554977708224525,0.34347584675180454,23.15404549786795,1.0133176047765924
only_Milk,jitter_recall_smoothing,000300,True,True,0.6165285110473633,0.6165,5997,6576.0,0.9829914957478739,0.021452605724334717,0.6203482151031494,0.7192087769508362,0.5100286602973938,1.0,3.044831588584543,11.770824446084957,13.0,14.981015019071492,0.64625,0.39264508692740546,0.3720335039553281,20.139732001791977,1.0544738351216891
only_Milk,jitter_recall_smoothing,000305,True,True,0.6298408508300781,0.6295,5422,5952.0,0.9990778310586499,0.008243381977081299,0.6440055966377258,0.7533933520317078,0.48925456404685974,0.9795918464660645,19.489131987658084,7.117351906639596,12.0,4.571466626169922,0.57875,0.343199967100141,0.34054380664652567,23.80352910272212,0.9961630589444952
only_Milk,jitter_recall_smoothing,000310,True,True,0.6209378242492676,0.6209,5812,6336.0,0.9778045423262216,0.0020508170127868652,0.6243330240249634,0.7256599068641663,0.5128205418586731,1.0,29.227927247055845,7.948070163685172,12.0,134.96980497139305,0.00725,0.1765784362805174,0.17258198422581983,34.0486964772752,1.089838791230302
only_Milk,jitter_recall_smoothing,000315,True,True,0.6259770393371582,0.626,6209,6615.0,0.9714929940409084,0.17947128415107727,0.5995859503746033,0.7270137667655945,0.550561785697937,0.9897959232330322,33.90814416566445,9.584487080051579,12.0,147.81254126114175,0.00725,0.10819621496336272,0.10086890819795996,39.25845204319117,1.1573719011359516
only_Milk,jitter_recall_smoothing,000320,True,True,0.6314101815223694,0.6314,6362,6650.0,0.9723357434768941,0.0022422075271606445,0.6237938404083252,0.7436285018920898,0.5257298350334167,0.9897959232330322,38.51529370768185,8.11592865787913,12.0,108.60844337241633,0.00625,0.11472779413323764,0.10049316088210664,39.540448006941,1.1702879348191466
only_Milk,jitter_recall_smoothing,000325,True,True,0.6325970888137817,0.6323,7155,7800.0,0.9767994409503844,0.06095385551452637,0.6079691052436829,0.7105005979537964,0.578772246837616,0.9897959232330322,44.63993663753217,11.687157722254588,14.0,132.34158153050384,0.0065,0.16902298050286646,0.15430698012163022,34.256410623014844,1.3729471813133711
only_Milk,jitter_recall_smoothing,000330,True,True,0.6322343349456787,0.6322,7199,7384.0,0.9167939991665509,0.00810176134109497,0.6192828416824341,0.7337577939033508,0.542749285697937,0.9897959232330322,56.660963086856896,7.670174404162288,12.0,27.559993209115873,0.11475,0.2621409289104106,0.2657745653447939,29.97818441303926,1.245033245350942
only_Milk,jitter_recall_smoothing,000335,True,True,0.6335787773132324,0.6336,8477,8745.0,0.9232039636663915,0.00520700216293335,0.6216689944267273,0.7251256704330444,0.551426887512207,0.9693877696990967,62.439617461535136,13.484351855223323,14.0,44.83341707672048,0.47675,0.3509843884847935,0.3360572950142319,22.913398860020834,1.371918700353475
only_Milk,jitter_recall_smoothing,000340,True,True,0.6217136979103088,0.6035,8520,8792.0,0.9095070422535211,0.013088226318359375,0.6132294535636902,0.7157659530639648,0.5352635383605957,0.9897959232330322,42.71574707753689,8.086934216032072,12.0,20.158742482254013,0.9955,0.5735108498417457,0.525709219858156,20.455121456742916,1.128588234855978
only_Milk,jitter_recall_smoothing,000345,True,True,0.6258335113525391,0.6111,9208,9440.0,0.9088835794960903,0.020996809005737305,0.634122371673584,0.7352153658866882,0.5069497227668762,0.9897959232330322,49.81023987285994,7.704208390591134,14.0,30.911634488971572,0.99875,0.6061655528745442,0.6029868114817688,21.354139126710685,1.1499035489175564
only_Milk,jitter_recall_smoothing,000350,True,True,0.6163024306297302,0.6163,8453,9204.0,0.9594226901691707,0.001032114028930664,0.6183170676231384,0.7381947040557861,0.48848265409469604,0.9693877696990967,23.02166018981984,6.428876174584256,10.0,5.453165192948575,0.68,0.3470847837714499,0.3031955753571977,30.908719613076375,0.9326351397159676
only_Milk,jitter_recall_smoothing,000355,True,True,0.6278660297393799,0.5718,8477,9240.0,0.989501002713224,0.008382081985473633,0.6393669247627258,0.7549388408660889,0.4849163889884949,0.9693877696990967,24.904087668304783,6.163083601238137,10.0,5.014315845770284,0.66275,0.36343330456928774,0.32346723044397463,30.41392579704992,0.9508964278514885
only_Milk,jitter_recall_smoothing,000360,True,True,0.6306193470954895,0.6306,8642,9027.0,0.9856514695672298,0.0023193359375,0.6477543711662292,0.751940906047821,0.49073541164398193,0.9897959232330322,2.5323472880628515,6.3296894489524735,11.0,21.48438199809661,0.9975,0.5878206836479362,0.5525248165731549,18.23624709680972,0.8058796494387592
only_Milk,jitter_recall_smoothing,000365,True,True,0.6281172037124634,0.6281,8395,9027.0,0.979988088147707,0.004065990447998047,0.6439149379730225,0.7510292530059814,0.48651769757270813,0.9795918464660645,20.471025737240893,6.161050660939103,11.0,38.13829150459415,0.9985,0.7045954167099187,0.6833838523009094,13.135516775336441,0.7376227093798982
only_Milk,jitter_recall_smoothing,000370,True,True,0.6225824952125549,0.6226,6879,7308.0,0.9861898531763338,0.009056687355041504,0.6668582558631897,0.7436869740486145,0.4554973840713501,0.9897959232330322,1.086162456745626,5.481275433767955,8.0,1445.4002674605629,1.0,0.20335932258224212,0.1087608975275118,64.73832696404922,0.4214127496930526
only_Milk,jitter_recall_smoothing,000375,True,True,0.623094916343689,0.6231,8963,9480.0,0.9819256945219235,0.0019423961639404297,0.6342520117759705,0.7252229452133179,0.5086419582366943,0.9897959232330322,9.443994403115312,6.8585636232584495,11.0,1277.5584759289002,1.0,0.3069611797019336,0.17982395819007013,49.69518457367589,0.5202646144722745
only_Milk,jitter_recall_smoothing,000380,True,True,0.6300907135009766,0.6301,8754,9720.0,0.9788668037468585,0.06230771541595459,0.6002804040908813,0.7327224612236023,0.5565187335014343,0.9897959232330322,13.743592089564004,9.814380194451513,13.0,1136.861481463505,0.28175,0.46847820818422264,0.3769915842797614,24.0149418300564,0.5990059143980853
only_Milk,jitter_recall_smoothing,000385,True,True,0.6308207511901855,0.6308,8817,9720.0,0.9909266190314165,0.057250261306762695,0.6101276278495789,0.7529377937316895,0.5293967723846436,1.0,19.418326313294756,7.907742941465981,13.0,15.842051453173099,0.83,0.5058531817332765,0.5576360979174279,22.81391806862554,0.6866202789919549
only_Milk,jitter_recall_smoothing,000390,True,True,0.6323897838592529,0.6324,8749,9240.0,0.982855183449537,0.07282978296279907,0.628062903881073,0.7526630759239197,0.5164433717727661,1.0,24.001907831180688,7.996259698045742,11.0,6.241424164359728,0.99825,0.5500395444133316,0.6198597688080348,21.365514252195414,0.7393422359128372
only_Milk,jitter_recall_smoothing,000395,True,True,0.6144134998321533,0.6144,5558,6545.0,0.9998200791651674,0.02486783266067505,0.6561317443847656,0.7565720081329346,0.42864102125167847,0.9897959232330322,32.49624436272836,6.950793842187092,11.0,1401.7327622220412,0.99775,0.32213585872297407,0.2816937119675456,30.062274257926813,0.39230379264152065
only_Milk,jitter_recall_smoothing,000400,True,True,0.5874762535095215,0.5875,11067,12444.0,0.9727116653112858,0.021982431411743164,0.6029292941093445,0.6420042514801025,0.5168471932411194,0.9908257126808167,36.367563108234435,13.024628058239543,14.0,1072.2008703923098,0.19175,0.4375191690477271,0.37971055023421657,28.132007303528393,0.6703367768830465
only_Milk,jitter_recall_smoothing,000405,True,True,0.626424252986908,0.6264,8459,9296.0,0.992434093864523,0.05212962627410889,0.6374202966690063,0.7487615346908569,0.4917163550853729,0.9897959232330322,35.35392456527427,9.305433703968854,13.0,49.549016495165915,0.75825,0.3941145889467111,0.4532636642614249,31.412526601612363,0.5555215493774637
only_Milk,jitter_recall_smoothing,000410,True,True,0.626110851764679,0.6261,9043,10032.0,0.9878358951675329,0.05102658271789551,0.6158167719841003,0.7347816824913025,0.5277341604232788,1.0,29.86504242250635,11.289683298950443,13.0,34.05155470413402,0.9045,0.5176455553208251,0.5466745442268738,21.694218356255984,0.6906576039321362
only_Milk,jitter_recall_smoothing,000415,True,True,0.6255318522453308,0.6255,8828,9184.0,0.9885591300407793,0.015741705894470215,0.627478301525116,0.7479123473167419,0.5012048482894897,1.0,24.767273302168178,8.696883776962608,12.0,19.93700974759969,0.9845,0.5583719414389072,0.5765140195130527,21.86336233142362,0.7246496511629316
only_Milk,jitter_recall_smoothing,000420,True,True,0.6250923871994019,0.6251,8815,9720.0,0.9793533749290981,0.058033883571624756,0.6244705319404602,0.7119861245155334,0.5379310250282288,0.9897959232330322,20.328723373948378,7.862696977854141,11.0,14.26433176270632,0.9975,0.6610613966739212,0.6046448087431694,17.968916234155845,0.856137109789717
only_Milk,jitter_recall_smoothing,000425,True,True,0.5613309741020203,0.5613,8608,9027.0,0.9743262081784386,0.0044803619384765625,0.5905467867851257,0.689235508441925,0.3905480206012726,0.9200000166893005,16.93367446552736,6.696209911123528,11.0,11.986855482938267,0.99725,0.715174431759603,0.762537328802389,15.13724924334446,0.875708867346123
only_Milk,jitter_recall_smoothing,000430,True,True,0.6393752098083496,0.6378,8166,8910.0,0.9834680382072006,0.0003802180290222168,0.6420871019363403,0.731518030166626,0.5445205569267273,1.0,15.30688840259279,10.29013304326406,12.0,10.327388317536759,0.998,0.6969936321102387,0.715983299432609,11.551302780647461,0.9587221534389527
only_Milk,jitter_recall_smoothing,000435,True,True,0.6272165775299072,0.6272,8885,9075.0,0.9698368036015756,0.01728302240371704,0.6139881014823914,0.7223150730133057,0.5445026159286499,0.9897959232330322,14.919481734146302,12.707772696173494,14.0,6.750417616418019,0.9965,0.6589695476597588,0.6390721855628875,11.46284129310872,1.0615768043557436
only_Milk,jitter_recall_smoothing,000440,True,True,0.6335137486457825,0.6335,8968,9240.0,0.9103479036574487,0.009228944778442383,0.6269285082817078,0.7141455411911011,0.5594671964645386,1.0,21.762671672116994,12.51935873921812,12.0,5.607573792372705,0.99625,0.7585374520623239,0.7534423407917383,8.506235958140644,1.1323648396294923
only_Milk,jitter_recall_smoothing,000445,True,True,0.6084522604942322,0.5744,7927,8470.0,0.899079096757916,0.032679975032806396,0.5918840169906616,0.7099317908287048,0.5217721462249756,0.9795918464660645,28.055728041954126,8.487311961828906,13.0,7.2406841954635865,0.99875,0.7305345529540604,0.6985915492957746,14.900768964222266,1.0609450456277245
only_Milk,jitter_recall_smoothing,000450,True,True,0.5718715190887451,0.5719,8650,9322.0,0.834335260115607,0.0687454342842102,0.5977522134780884,0.6963110566139221,0.4096553921699524,0.9266666769981384,30.46122322727024,8.693285932984782,11.0,8.625822040695653,0.99825,0.6330517460889992,0.6130704339871939,15.468114226945906,1.1403097730624354
only_Milk,jitter_recall_smoothing,000455,True,True,0.5662383437156677,0.566,8978,9982.0,0.8510804188015149,0.08506369590759277,0.5858999490737915,0.6919869184494019,0.41263604164123535,0.9466666579246521,30.494799370186684,11.254133495439989,12.0,7.389371605008989,0.998,0.6031835432324253,0.6068544415993697,16.077974456082845,1.208338933599142
only_Milk,jitter_recall_smoothing,000460,True,True,0.5708248615264893,0.5705,8598,9360.0,0.8293789253314724,0.13274651765823364,0.5962809920310974,0.6940501928329468,0.4103773534297943,0.9266666769981384,25.826615318160407,8.90441552318725,13.0,6.706518882705723,0.998,0.6037345746824456,0.5944154278826838,15.855103603524713,1.1146495131114365
only_Milk,jitter_recall_smoothing,000465,True,True,0.5819868445396423,0.5817,7909,8400.0,0.8146415476039954,0.01791512966156006,0.6198779344558716,0.704840362071991,0.4133738577365875,0.95333331823349,15.362299956804236,9.734103654592767,13.0,13.361945031857942,0.9975,0.534484624748807,0.5040342663611913,17.82855945329147,1.0156629261041872
only_Milk,jitter_recall_smoothing,000470,True,True,0.5789512395858765,0.579,7994,8816.0,0.83562672004003,0.1312110424041748,0.6192167401313782,0.707404613494873,0.40197351574897766,0.95333331823349,3.8204864270007874,13.176596945755309,16.0,26.644588535198977,0.94375,0.4561481883257459,0.4666207168176447,21.022567320861217,1.0939804689801729
only_Milk,jitter_recall_smoothing,000475,True,True,0.5607824921607971,0.5608,6984,7700.0,0.854381443298969,0.003968417644500732,0.5872501134872437,0.6842730045318604,0.40011322498321533,0.9333333373069763,0.716683822449454,13.514178217041193,15.0,32.53254381871653,0.931,0.4621016703099929,0.45593129361245305,19.927508745524836,1.0061412851354687
only_Milk,jitter_recall_smoothing,000480,True,True,0.5868452787399292,0.559,5894,6732.0,0.8839497794367153,0.02754420042037964,0.6231285929679871,0.7163830995559692,0.4104399085044861,0.9399999976158142,0.4908444845921167,11.028687996111117,17.0,29.980178599346743,0.9975,0.5493251342726406,0.5421747967479674,15.207536637603026,0.9441344517686671
only_Milk,jitter_recall_smoothing,000485,True,True,0.6008078455924988,0.5996,6288,6768.0,0.9111005089058524,0.03816348314285278,0.6527007222175598,0.728842556476593,0.414675772190094,0.9666666388511658,1.7559510850151128,13.08890812800936,17.0,20.73777943520463,0.99725,0.7052017588346631,0.7165034965034965,7.618600223850405,0.9869346055957492
only_Milk,jitter_recall_smoothing,000490,True,True,0.5959923267364502,0.596,5910,6256.0,0.9467005076142132,0.030244827270507812,0.6563137769699097,0.7333158254623413,0.3915320932865143,0.9666666388511658,9.486372477720806,11.931813934682989,17.0,11.281087633340292,0.998,0.821489281048802,0.7913163124904449,5.664827405427538,0.9330576272825429
only_Milk,jitter_recall_smoothing,000495,True,True,0.5596891641616821,0.5597,6785,7473.0,0.8841562269712602,0.1108456552028656,0.5773999094963074,0.6730036735534668,0.4151758849620819,0.9066666960716248,16.33614638297945,14.03626651483313,19.0,6.977582899980632,0.9975,0.720425046404642,0.7066048034934498,8.519736046111845,1.14270756326423
only_Milk,jitter_recall_smoothing,000500,True,True,0.5922864079475403,0.5923,6932,7395.0,0.9373918061165609,0.008642077445983887,0.6232320070266724,0.7097066044807434,0.4333229660987854,0.9333333373069763,15.238499421397592,15.522832243637845,17.0,5.635523719942228,0.998,0.8175853967993215,0.774408388833782,4.424953453981732,1.1740537584048478
only_Milk,jitter_recall_smoothing,000505,True,True,0.5903185606002808,0.5903,6235,6672.0,0.95028067361668,0.1325373649597168,0.6249212026596069,0.7042203545570374,0.4323350489139557,0.9399999976158142,14.890016078986491,13.760864928947202,14.0,5.716862440066393,0.97975,0.5703333916479729,0.5422740524781341,12.183913362216671,1.1152327355324607
only_Milk,jitter_recall_smoothing,000515,True,True,0.6102578043937683,0.6028,6189,6909.0,0.942963322022944,0.002719879150390625,0.6081989407539368,0.7166272401809692,0.5048717856407166,0.9897959232330322,26.0,12.134829308242905,12.0,8.834701113677738,0.99875,0.7842854457666566,0.7528304661079253,8.224945369894947,1.1381302578864927
only_Milk,jitter_recall_smoothing,000520,True,True,0.6150559186935425,0.6136,6583,7007.0,0.9828345739024761,0.04166465997695923,0.6322525143623352,0.7234415411949158,0.4894736707210541,1.0,30.059991455078148,12.046365456089116,13.0,17.55677411088243,0.99825,0.8141884327092813,0.772589710332901,8.942867727327092,1.1600158042499835
only_Milk,jitter_recall_smoothing,000525,True,True,0.6279429793357849,0.6279,6873,7592.0,0.9903972064600611,0.03165161609649658,0.6280114650726318,0.736473560333252,0.5193439722061157,1.0,34.838994445800836,11.758342412340408,15.0,20.279039982223367,0.9985,0.7572608948317577,0.7495485484095014,7.765413418767967,1.2546203051712512
only_Milk,jitter_recall_smoothing,000530,True,True,0.6327683329582214,0.6322,6751,7592.0,0.9894830395496963,0.05415141582489014,0.6318845152854919,0.7361498475074768,0.530270516872406,1.0,28.915350662231504,10.943624723893905,11.0,14.109987221371625,0.9965,0.6030231432473118,0.6217542953106834,11.063467340491371,1.2434937463674642
only_Milk,jitter_recall_smoothing,000535,True,True,0.6324514150619507,0.6291,6599,7344.0,0.9880284891650251,0.04141193628311157,0.629662275314331,0.7283816933631897,0.5393103361129761,1.0,24.62497365798947,12.345925156359367,13.0,6.464977020933816,0.8755,0.4280027809393719,0.4462258630778233,18.57434061223595,1.2130260162997941
only_Milk,jitter_recall_smoothing,000540,True,True,0.6245406270027161,0.6233,7021,7579.0,0.9067084460903005,0.0012891292572021484,0.6086589694023132,0.6780902147293091,0.5860880017280579,0.9795918464660645,20.081232877693083,19.43238241084234,13.0,5.691842849263139,0.821,0.32377540100907515,0.3035474195883752,24.688405951166988,1.2565503605556942
only_Milk,jitter_recall_smoothing,000545,True,True,0.6301671862602234,0.6302,5382,6116.0,1.0,0.04763901233673096,0.6328805685043335,0.7375767827033997,0.5165666341781616,0.9693877696990967,19.51780991542239,11.062967009756989,13.0,7.21250462848775,0.417,0.33573386671917466,0.3233925802218776,22.93795455340956,1.0124821421243781
only_Milk,jitter_recall_smoothing,000550,True,True,0.6308692097663879,0.6299,5384,6160.0,0.9986998514115899,0.06471836566925049,0.6263224482536316,0.7336911559104919,0.5305466055870056,0.9795918464660645,17.32658498994647,12.131963656767851,15.0,7.9802060674413156,0.2005,0.2993594699158065,0.28604250430786904,25.146835514322422,1.0036924569599022
only_Milk,jitter_recall_smoothing,000555,True,True,0.6241725087165833,0.6242,3581,3861.0,1.0,0.007399439811706543,0.6427362561225891,0.6963246464729309,0.5274088382720947,0.9375,18.25728451592613,8.572180358636814,14.0,8.411168024835433,0.71225,0.3289860437391546,0.28891050583657585,22.0680412543817,0.5428405225835619
only_Milk,jitter_recall_smoothing,000560,True,True,0.5726206302642822,0.5726,6092,6681.0,0.992284963887065,0.0021510720252990723,0.6196491718292236,0.6811479926109314,0.4059535562992096,0.9333333373069763,21.527226390430087,10.821191022981946,17.0,7.998665834018823,0.7365,0.3671990746176845,0.27298112364570537,24.427483030291853,1.0026817868500322
only_Milk,jitter_recall_smoothing,000565,True,True,0.5955949425697327,0.5947,7285,7952.0,0.9739190116678106,0.028139770030975342,0.5872336626052856,0.6235605478286743,0.5756241083145142,0.9816513657569885,23.46270142624053,13.482321842993278,19.0,6.402430998454861,0.9965,0.4791287343030882,0.39527858581338104,16.619493665328417,1.3175810028201127
only_Milk,jitter_recall_smoothing,000570,True,True,0.5822187066078186,0.5822,3535,3906.0,0.9954738330975955,0.0015320181846618652,0.5907902717590332,0.7202457785606384,0.43410852551460266,0.9897959232330322,36.73574738213449,8.662538942737807,14.0,33.73746139515549,0.9975,0.5605965630344839,0.5767339325080549,6.544861168822867,0.5605965630344838
only_Milk,jitter_recall_smoothing,000575,True,True,0.5762823820114136,0.5763,4111,4074.0,1.0,0.030725598335266113,0.6186379790306091,0.6673411726951599,0.4161849617958069,0.8333333134651184,31.18323152592643,8.83610791902063,12.0,127.3193683188727,0.386,0.37093368860435766,0.5247142415817114,8.116946239258438,0.3709336886043576
only_Milk,jitter_recall_smoothing,000580,True,True,0.6045324206352234,0.5728,4241,4747.0,0.9976420655505777,0.031773507595062256,0.649662971496582,0.7429263591766357,0.41911581158638,0.9897959232330322,45.17909194693027,9.118695860194652,15.0,73.43664753698187,0.99575,0.4773429782657016,0.3822656443235221,12.257097741486085,0.47734297826570155
only_Milk,jitter_recall_smoothing,000585,True,True,0.6203128099441528,0.5753,7015,7685.0,0.9904490377761939,0.04498249292373657,0.6303300857543945,0.7281038165092468,0.5000501871109009,0.9795918464660645,55.29140976550468,9.955628932667812,15.0,46.2475977775141,0.97675,0.5071009114414697,0.3617652879477538,27.381699348765014,0.8697099505767544
only_Milk,jitter_recall_smoothing,000590,True,True,0.5665587186813354,0.5666,9916,10899.0,0.972972972972973,0.004749774932861328,0.571536123752594,0.614496648311615,0.5126543045043945,0.9816513657569885,58.01941207511709,13.291521224430769,16.0,8.603608855817697,0.99775,0.7411434135106368,0.6860337426375163,16.057963336183033,1.349012302450864
only_Milk,jitter_recall_smoothing,000595,True,True,0.6025972962379456,0.6026,9600,10168.0,0.9784375,0.0205610990524292,0.5776645541191101,0.6806674003601074,0.5494598150253296,1.0,58.702626393748005,8.635030412527893,13.0,12.002801821035519,0.88875,0.32621277431017953,0.3418593601520431,31.6563548047345,1.279361097753166
only_Milk,jitter_recall_smoothing,000600,True,True,0.5657901167869568,0.5655,10705,11456.0,0.9605791686127978,0.010066866874694824,0.5911230444908142,0.6538177728652954,0.44519391655921936,0.9399999976158142,49.55670715593624,12.68770865026643,13.0,18.66422818961695,0.5195,0.22767238646784843,0.2336291515395993,36.31784139226298,1.4178843201858893
only_Milk,jitter_recall_smoothing,000605,True,True,0.5748943090438843,0.5741,10168,10797.0,0.9696105428796223,0.020714640617370605,0.6121202707290649,0.6697229743003845,0.4354001581668854,0.9466666579246521,40.94185537889757,12.031661564622075,13.0,7.192271415488335,0.43225,0.3069951072757482,0.30148009771518897,29.657094338757002,1.30209152436106
only_Milk,jitter_recall_smoothing,000610,True,True,0.6227420568466187,0.621,8526,9263.0,0.9922589725545391,0.0013951659202575684,0.6211926341056824,0.735283374786377,0.5106058120727539,0.9897959232330322,36.112205996283365,6.296007007638202,11.0,6.551506779043734,0.9935,0.42245267528897157,0.4055484421681605,25.882905341187602,1.1000450815868117
only_Milk,jitter_recall_smoothing,000615,True,True,0.6160997748374939,0.6161,9422,10150.0,0.9903417533432393,0.00240480899810791,0.6099376678466797,0.7106949687004089,0.5267550349235535,0.9897959232330322,31.867938170045136,12.030768230342614,12.0,7.033562175102929,0.98975,0.5509144612254985,0.5218990889978977,15.321108526830313,1.1994609521755542
only_Milk,jitter_recall_smoothing,000620,True,True,0.6216614246368408,0.6202,8016,8584.0,0.9862774451097804,0.0004839301109313965,0.613804280757904,0.7578669190406799,0.4892599284648895,0.9693877696990967,31.724151265607475,5.995918815672861,10.0,7.899517307202586,0.99725,0.5807267456079147,0.5600506921427179,22.89608860005699,1.0188080308214444
only_Milk,jitter_recall_smoothing,000625,True,True,0.6211956739425659,0.6212,9148,10034.0,0.9852426759947529,0.009616255760192871,0.61808842420578,0.7077357769012451,0.536902666091919,0.9897959232330322,29.91070686756666,10.617238528072221,11.0,9.910873319920142,0.99875,0.7537174494117221,0.7211693548387097,10.450629943424614,1.1922692469940668
only_Milk,jitter_recall_smoothing,000630,True,True,0.5750429034233093,0.5737,7978,8493.0,0.9862120832288794,0.0013276934623718262,0.605679452419281,0.7257352471351624,0.3735663592815399,0.8999999761581421,31.276950918996477,5.982158653630434,10.0,10.441089128176031,0.99975,0.703317409392746,0.6638435800920117,21.835032955694345,1.0052823782834883
only_Milk,jitter_recall_smoothing,000635,True,True,0.6170679926872253,0.5644,8516,8909.0,0.9779239079379991,0.01908695697784424,0.6263718605041504,0.7389017939567566,0.48319825530052185,0.9795918464660645,30.20002236980872,6.512528211160622,11.0,12.460631497491818,0.9995,0.7155308477160703,0.7106577851790175,22.35958154292022,1.0570031691129882
only_Milk,jitter_recall_smoothing,000640,True,True,0.5744141340255737,0.5724,9778,10443.0,0.9768868889343424,0.03477466106414795,0.5913928151130676,0.6988637447357178,0.42179375886917114,0.9266666769981384,6.200018812836618,11.67811716565495,13.0,10.136263829881358,0.997,0.7992333205589432,0.7639217169329677,5.215655702174836,1.0531519147189519
only_Milk,jitter_recall_smoothing,000645,True,True,0.6089212894439697,0.5859,8496,8990.0,0.9713983050847458,0.006890356540679932,0.6101368069648743,0.7382753491401672,0.47422847151756287,0.9693877696990967,16.500016500804804,5.979423768782694,9.0,6.928038520359223,0.9975,0.6666642007880798,0.6347659980897803,18.886691365019264,0.9582682122846073
only_Milk,jitter_recall_smoothing,000650,True,True,0.6165255308151245,0.6144,7021,7656.0,0.9958695342543797,0.002088606357574463,0.6637935638427734,0.7670403122901917,0.4146222472190857,0.9795918464660645,0.22501072552313417,5.229357499435988,8.0,17.53193157866383,0.99725,0.6664400290087545,0.6279504327301337,9.690632528541862,0.706488373237378
only_Milk,jitter_recall_smoothing,000655,True,True,0.6180618405342102,0.6181,8979,9240.0,0.9788395144225415,0.017452478408813477,0.6381848454475403,0.7613015174865723,0.45129579305648804,0.9795918464660645,9.828743028409974,5.30334342176083,8.0,28.96690532523587,0.99725,0.6813184612062931,0.6532390235486932,15.5479654970511,0.7822954404578021
only_Milk,jitter_recall_smoothing,000660,True,True,0.6151637434959412,0.6152,10943,11285.0,0.9708489445307502,0.004685938358306885,0.6113260984420776,0.7341650724411011,0.5,1.0,7.956321303994514,10.290572941696784,10.0,14.229631252528577,0.997,0.8373195978313995,0.8011817865832465,8.679570297366881,1.02782217190756
only_Milk,jitter_recall_smoothing,000665,True,True,0.6142625212669373,0.6143,8794,9420.0,0.9572435751648851,0.009066879749298096,0.6485103368759155,0.7443646788597107,0.4499126374721527,1.0,4.493389016173069,4.180469277128193,7.0,39.65795126198964,0.997,0.6011656689404896,0.5557335041639975,27.25020526298986,0.7712215145196554
only_Milk,jitter_recall_smoothing,000670,True,True,0.6194230318069458,0.6185,9079,9858.0,0.9532988214561074,0.01504361629486084,0.6516215205192566,0.7462958097457886,0.4603517949581146,1.0,13.975698588051557,5.644272079456302,5.0,56.259643435481024,0.9965,0.5032363332581227,0.4575576798677496,31.591647070818706,0.7685975945787614
only_Milk,jitter_recall_smoothing,000675,True,True,0.6032801866531372,0.6021,8718,8906.0,0.9540032117458133,0.011719703674316406,0.6344964504241943,0.7465360760688782,0.4232983887195587,0.9693877696990967,20.804208354694424,3.3363934728773117,5.0,65.52169909336456,0.9964982491245623,0.5259907177854757,0.46797087592851366,24.99023136328731,0.6818344023744628
only_Milk,jitter_recall_smoothing,000680,True,True,0.6058943271636963,0.6059,9794,10560.0,0.9505819889728405,0.04174971580505371,0.6309759020805359,0.7132799029350281,0.4734271764755249,1.0,0.07726456944863003,11.24955859823074,7.0,47.68408458676106,0.9969977483112334,0.5978282601989549,0.5230914231856739,17.346815638317022,0.9647268725855958
only_Milk,jitter_recall_smoothing,000685,True,True,0.569062352180481,0.5472,8675,9120.0,0.9620749279538905,0.021849095821380615,0.5790871381759644,0.6858830451965332,0.44090908765792847,0.9897959232330322,13.050221970141592,10.77293422984289,6.0,26.0450952954958,0.8946446446446447,0.5677944346623711,0.6091428571428571,17.894672090220126,0.711215123245434
only_Milk,jitter_recall_smoothing,000690,True,True,0.5364171862602234,0.5364,6099,6240.0,0.9365469749139204,0.009501278400421143,0.4888184070587158,0.5990309715270996,0.5123932361602783,0.625,10.127357855638422,2.5710409220533754,3.0,36.798804135490315,0.9967459324155195,0.45831196917660794,0.3415102389078498,26.736770826046996,0.5284785726391644
only_Milk,jitter_recall_smoothing,000695,True,True,0.5680637955665588,0.5681,5783,5916.0,0.943109112917171,0.001254260540008545,0.5425328612327576,0.6365872621536255,0.5045672059059143,0.6770833134651184,4.672213121374114,2.7612493491300016,4.0,20.859977475865662,0.9972458688032048,0.3258407596571041,0.11622380643767552,30.68912040927658,0.6953178531465816
only_Milk,jitter_recall_smoothing,000700,True,True,0.5788127779960632,0.5788,5310,5432.0,0.9693032015065913,0.025548815727233887,0.4952854812145233,0.6149570941925049,0.6447368264198303,0.71875,16.1630614711068,3.3295312422387116,5.0,29.1047552305119,0.9749624436654982,0.04925480513218024,0.022374493077891203,64.15882063220897,1.6968983155656279
only_Milk,jitter_recall_smoothing,000705,True,True,0.5602554678916931,0.5589,7520,7728.0,0.9405585106382979,0.010841190814971924,0.5398468375205994,0.6340773701667786,0.4848484992980957,0.7083333134651184,35.4409920924499,8.3095014607097,9.0,47.333163485553314,0.9957436154231347,0.18805165590921327,0.12627460279819777,53.93004042193856,2.626643014352016
only_Milk,jitter_recall_smoothing,000710,True,True,0.5764592885971069,0.5621,7455,7700.0,0.9023474178403755,0.039598166942596436,0.5690787434577942,0.658677875995636,0.4780420958995819,0.7604166865348816,42.47664272386203,8.469826038402909,10.0,55.78748356024272,0.9907361041562344,0.1733470000496372,0.1207764198418404,57.844927835335334,3.0274747336508305
only_Milk,jitter_recall_smoothing,000715,True,True,0.587195634841919,0.5872,5644,5885.0,0.9681077250177179,0.02058124542236328,0.5664533972740173,0.6578465104103088,0.5156846642494202,0.6979166865348816,39.60482204297125,5.488552064011037,8.0,43.861196536273496,0.8550325488232349,0.09906550515575263,0.07552660753880266,58.23254048717787,2.164242247432627
only_Milk,jitter_recall_smoothing,000720,True,True,0.5897305011749268,0.5897,5639,5768.0,0.9430750133002306,0.05291628837585449,0.5684966444969177,0.6539232134819031,0.5272449254989624,0.6875,6.978125783009432,5.184137445437367,8.0,14.361423528512887,0.9984977466199298,0.05381235830624265,0.043049717350340626,62.1786762868407,2.3521464797983644
only_Milk,jitter_recall_smoothing,000725,True,True,0.5383379459381104,0.5383,5072,5775.0,0.9753548895899053,0.006058752536773682,0.5686110854148865,0.6956035494804382,0.3468921482563019,0.9795918464660645,8.159222513504801,4.433614334984066,7.0,481.5378071372992,1.0,0.21255902329642054,0.16104868913857678,61.358529595798835,0.3371728033138963
only_Milk,jitter_recall_smoothing,000730,True,True,0.568174421787262,0.5679,6087,6441.0,0.9406932807622803,0.037828028202056885,0.6091249585151672,0.7159690260887146,0.37748345732688904,0.9897959232330322,1.4565075024523821,3.8087643850204276,6.0,557.3039854111992,0.9992492492492493,0.3013511567446318,0.18792840822543794,43.47470032661747,0.4600917237987289
only_Milk,jitter_recall_smoothing,000735,True,True,0.5803999304771423,0.5804,8388,8721.0,0.9541010968049595,0.009366333484649658,0.5953277945518494,0.7090999484062195,0.43529126048088074,0.9897959232330322,14.968278668327798,9.295497251210286,8.0,20.024881888463142,0.10485485485485485,0.44379136573004585,0.3367213726221559,26.82715047411009,0.6946264024199191
only_Milk,jitter_recall_smoothing,000740,True,True,0.608135998249054,0.6014,7648,8151.0,0.9603817991631799,0.0067119598388671875,0.6345969438552856,0.7579811811447144,0.4300122857093811,0.9897959232330322,25.614372589491154,3.7036750735695776,4.0,24.413088886199148,0.8591443582687015,0.5774616104200253,0.6357561426955896,16.599091225818725,0.7124290917919431
only_Milk,jitter_recall_smoothing,000745,True,True,0.6017919182777405,0.6018,8488,9048.0,0.985626767200754,0.0021200180053710938,0.6118967533111572,0.7471538186073303,0.44472262263298035,0.9897959232330322,32.564350728091085,4.628269147735395,5.0,28.176330335736793,0.996248124062031,0.6988382462509664,0.7441570582736055,10.659298124423795,0.8537733354545515
only_Milk,jitter_recall_smoothing,000750,True,True,0.6191176176071167,0.6128,10129,10974.0,0.9501431533221444,0.024111032485961914,0.613589346408844,0.7233017683029175,0.518406331539154,0.9795918464660645,34.10181942833731,7.744705185448601,4.0,27.41490966268816,0.98925,0.6717804462125745,0.6777113887380047,11.000328274809227,1.064723714000373
only_Milk,jitter_recall_smoothing,000755,True,True,0.6100703477859497,0.6101,10259,11100.0,0.9671507944244079,0.015095651149749756,0.6039677262306213,0.7114390134811401,0.5138221383094788,0.9897959232330322,33.85619117334113,10.223600407575645,6.0,23.78092532565796,0.996,0.6588033821859195,0.6622043730477465,11.445604124702477,1.1449514739668925
only_Milk,jitter_recall_smoothing,000760,True,True,0.6415187120437622,0.6412,6516,7018.0,0.9436771025168815,0.0194321870803833,0.6113625168800354,0.6707876920700073,0.6424344778060913,0.96875,33.281524262671724,6.279525956091498,5.0,1142.0530836005903,1.0,0.27881229249443834,0.18472866976148553,49.82653717253893,0.43452698277917484
only_Milk,jitter_recall_smoothing,000765,True,True,0.6185017824172974,0.6185,8253,8968.0,0.9760087241003271,0.008916735649108887,0.632835328578949,0.6994563341140747,0.5211864113807678,0.9791666865348816,1.7529950431975294,5.721933275193008,9.0,1475.804353143267,0.997,0.3728022830441176,0.2944207931884383,37.95054610201207,0.4817524761898331
only_Milk,jitter_recall_smoothing,000770,True,True,0.6558970808982849,0.6293,5877,6440.0,0.9695422834779649,0.02063697576522827,0.6449888348579407,0.6943320035934448,0.624808132648468,0.8854166865348816,19.295555358152114,5.471326662027314,10.0,1483.6587503042535,0.151,0.36064532764197815,0.42106233862043524,13.211753924626684,0.36064532764197815
only_Milk,jitter_recall_smoothing,000775,True,True,0.6100355982780457,0.6077,8514,8758.0,0.9597134132017853,0.007678866386413574,0.644037663936615,0.6954042911529541,0.48812514543533325,0.9791666865348816,1.4878847447401995,9.585067165451525,11.0,12.205201707152241,0.83475,0.5950333864477027,0.6564696940908227,6.854098864795457,0.5950333864477025
only_Milk,jitter_recall_smoothing,000780,True,True,0.6221262812614441,0.6188,9737,10620.0,0.9533737290746637,0.007950901985168457,0.5943707823753357,0.7036464214324951,0.5678073763847351,0.9897959232330322,10.397120811620198,12.212134278147248,10.0,7.177998297173815,0.99775,0.7012493773152287,0.6977919161676647,8.07508332642477,0.8559836270206899
only_Milk,jitter_recall_smoothing,000785,True,True,0.5791993141174316,0.5634,8687,9164.0,0.9615517439852653,0.06902986764907837,0.6117846369743347,0.6661807894706726,0.45837393403053284,0.9895833134651184,3.0418714724468714,5.770833933671273,9.0,17.643716652055247,0.9985,0.7046801529970219,0.7451496538949011,6.75934782651067,0.7240159003823937
only_Milk,jitter_recall_smoothing,000790,True,True,0.6257963180541992,0.6221,10060,10620.0,0.9639165009940358,0.03328913450241089,0.6050428748130798,0.7133724689483643,0.5575813055038452,0.9795918464660645,7.0127920878314285,11.816011297840735,11.0,7.5084392784126806,0.9985,0.7590620380358555,0.7463283138129764,3.127013358981913,0.9519440476671449
only_Milk,jitter_recall_smoothing,000795,True,True,0.6269410252571106,0.6248,10064,10740.0,0.9558823529411765,0.019083142280578613,0.6053040623664856,0.7120684385299683,0.5634505152702332,1.0,14.373323402012318,11.776670974532493,11.0,6.7233472968895285,0.9985,0.8042278386673726,0.7636276849642005,4.248331140036074,1.0498763282824175
only_Milk,jitter_recall_smoothing,000800,True,True,0.625619113445282,0.6223,10046,10740.0,0.9591877364125024,0.03134000301361084,0.6033586859703064,0.7067986130714417,0.5667001008987427,1.0,19.772655938847038,11.953593392250275,11.0,5.729730560259725,0.998,0.8012339275815827,0.7610491929285165,6.045945500982649,1.1076917155098307
only_Milk,jitter_recall_smoothing,000805,True,True,0.6252617835998535,0.6189,9791,10620.0,0.9679297313859667,0.009271621704101562,0.6054057478904724,0.7166651487350464,0.5522239804267883,0.9795918464660645,23.722230632711444,11.679627947236591,11.0,8.11315268521389,0.99625,0.766951807025978,0.7376842513576416,8.238385732590604,1.1388478835926408
only_Milk,jitter_recall_smoothing,000810,True,True,0.6289047598838806,0.6271,9657,10561.0,0.9714196955576266,0.002329528331756592,0.61810302734375,0.7127565741539001,0.5558546185493469,1.0,23.37444563880149,11.82829098320381,13.0,7.412612524269775,0.99675,0.7651243525991985,0.7375085893786198,8.508308947708862,1.1476079299764732
only_Milk,jitter_recall_smoothing,000815,True,True,0.6163588762283325,0.6109,8310,8949.0,0.9617328519855596,0.0029712915420532227,0.606293797492981,0.7293098568916321,0.5102238059043884,0.9693877696990967,26.36339393768185,5.813648452350875,8.0,5.645301157695769,0.998,0.7521780137293784,0.7554422852288415,14.826490531724938,0.9965438036469746
only_Milk,jitter_recall_smoothing,000820,True,True,0.6285441517829895,0.6285,10151,10203.0,0.9732046103832135,0.007835745811462402,0.6131083369255066,0.7234437465667725,0.5474247932434082,0.9795918464660645,26.70621033195414,12.16004398377425,11.0,7.908687367797484,0.99675,0.7671343163828924,0.7386363636363636,5.7061402424544285,1.1483819164749067
only_Milk,jitter_recall_smoothing,000825,True,True,0.6199109554290771,0.6193,10139,10440.0,0.974948219745537,0.012374579906463623,0.5966683626174927,0.7171708941459656,0.5458937287330627,1.0,28.94904526069206,11.79574356087467,11.0,10.933763712540895,0.9975,0.7609844087741832,0.7352662497631229,6.990628156614076,1.197402672283265
only_Milk,jitter_recall_smoothing,000830,True,True,0.6246781945228577,0.6247,10125,10440.0,0.9727407407407408,0.021471738815307617,0.613381564617157,0.714759349822998,0.5458937287330627,1.0,29.21188369191077,12.180836685089877,11.0,10.753310981621155,0.9975,0.766454086299335,0.7394332601850968,7.26292795676639,1.1960812762349522
only_Milk,jitter_recall_smoothing,000835,True,True,0.62246173620224,0.6225,10123,10440.0,0.9726365701867036,0.0083962082862854,0.6048062443733215,0.7166851162910461,0.5458937287330627,1.0,28.172715854820126,11.942185649987394,11.0,12.39036836459735,0.998,0.7855998325240701,0.7478620159508024,7.381284546527017,1.208801493034903
only_Milk,jitter_recall_smoothing,000840,True,True,0.6254513263702393,0.6242,10098,10620.0,0.9710833828480887,0.004402041435241699,0.6053309440612793,0.7187990546226501,0.5522239804267883,1.0,29.14725676071123,11.981197496886976,11.0,12.653930923203973,0.9975,0.8038825571667598,0.7558580456976179,7.73328065388842,1.2303746467341918
only_Milk,jitter_recall_smoothing,000845,True,True,0.6229597926139832,0.623,10099,10440.0,0.9713833052777503,0.018432319164276123,0.6077786684036255,0.7152069211006165,0.5458937287330627,1.0,28.13070834954044,11.99774071821665,11.0,12.543380190234075,0.998,0.7965726032507423,0.7554538371640047,7.5804098800549085,1.209416589920982
only_Milk,jitter_recall_smoothing,000850,True,True,0.6267004013061523,0.6267,10098,10440.0,0.9738562091503268,0.003840923309326172,0.6141204833984375,0.7200871109962463,0.5458937287330627,1.0,29.01495615474039,12.137849467359533,11.0,12.09730836106462,0.99775,0.79683394477109,0.7612884390813546,7.331369185412698,1.2237855617271296
only_Milk,jitter_recall_smoothing,000855,True,True,0.6235600113868713,0.6236,10107,10440.0,0.9672504205006431,0.01035529375076294,0.608906626701355,0.7158797979354858,0.5458937287330627,1.0,28.18472150058119,12.064433454967178,11.0,13.188475533446024,0.9975,0.7937551124126101,0.7608632254301546,7.4074909611867605,1.2201639094496481
only_Milk,jitter_recall_smoothing,000860,True,True,0.6256791949272156,0.6257,8833,8835.0,0.9663760896637609,0.008881688117980957,0.6241173148155212,0.736414909362793,0.5153798460960388,0.9897959232330322,31.995068975377762,5.799382938475177,9.0,8.577772444980155,0.99825,0.7892812841368358,0.7472187886279357,16.79261695544561,1.026581913650791
